,x
1,SC53.AAACCTGAGAGTACAT-1
2,SC53.AAACCTGCAAAGGTGC-1
3,SC53.AAACCTGGTACATCCA-1
4,SC53.AAACCTGTCAGGCCCA-1
5,SC53.AAACCTGTCATTGCGA-1
6,SC53.AAACCTGTCTGAGGGA-1
7,SC53.AAACCTGTCTTGAGAC-1
8,SC53.AAACGGGAGAGTTGGC-1
9,SC53.AAACGGGAGATGTTAG-1
10,SC53.AAACGGGCACCACGTG-1
11,SC53.AAACGGGGTATTACCG-1
12,SC53.AAACGGGTCGTAGGAG-1
13,SC53.AAACGGGTCTGCTGTC-1
14,SC53.AAAGATGAGCCCAATT-1
15,SC53.AAAGATGAGGAGTCTG-1
16,SC53.AAAGATGCACCAGGTC-1
17,SC53.AAAGATGCACCGCTAG-1
18,SC53.AAAGATGGTAGCTGCC-1
19,SC53.AAAGATGGTCTTCTCG-1
20,SC53.AAAGATGTCAATACCG-1
21,SC53.AAAGATGTCACGAAGG-1
22,SC53.AAAGATGTCCCTAATT-1
23,SC53.AAAGCAAAGAATCTCC-1
24,SC53.AAAGCAAGTCTCCCTA-1
25,SC53.AAAGCAAGTGTAATGA-1
26,SC53.AAAGCAATCGCAAGCC-1
27,SC53.AAAGCAATCGGCATCG-1
28,SC53.AAAGCAATCGGCTACG-1
29,SC53.AAAGTAGAGACCACGA-1
30,SC53.AAAGTAGAGTACTTGC-1
31,SC53.AAAGTAGAGTCGAGTG-1
32,SC53.AAAGTAGGTAGATTAG-1
33,SC53.AAAGTAGGTCATTAGC-1
34,SC53.AAAGTAGGTTTAGGAA-1
35,SC53.AAAGTAGTCCCTCAGT-1
36,SC53.AAATGCCAGATCACGG-1
37,SC53.AAATGCCAGTCCCACG-1
38,SC53.AAATGCCAGTTCGATC-1
39,SC53.AAATGCCCAGACAAAT-1
40,SC53.AAATGCCCAGCAGTTT-1
41,SC53.AAATGCCCAGCGATCC-1
42,SC53.AAATGCCGTCAAAGAT-1
43,SC53.AAATGCCTCCTAGGGC-1
44,SC53.AAATGCCTCCTGCCAT-1
45,SC53.AAATGCCTCGCCGTGA-1
46,SC53.AAATGCCTCTGGCGTG-1
47,SC53.AACACGTAGGAGTTTA-1
48,SC53.AACACGTCAATGGATA-1
49,SC53.AACACGTGTAAATACG-1
50,SC53.AACACGTGTAGCTCCG-1
51,SC53.AACACGTGTTCGCGAC-1
52,SC53.AACACGTTCATGTAGC-1
53,SC53.AACACGTTCCTTGGTC-1
54,SC53.AACACGTTCGGCGGTT-1
55,SC53.AACCATGAGATATACG-1
56,SC53.AACCATGAGGTGTGGT-1
57,SC53.AACCATGAGTGGTCCC-1
58,SC53.AACCATGAGTTGTCGT-1
59,SC53.AACCATGCAAGTAGTA-1
60,SC53.AACCATGGTACCGGCT-1
61,SC53.AACCATGGTGACGGTA-1
62,SC53.AACCATGGTGCTAGCC-1
63,SC53.AACCGCGAGAGTCTGG-1
64,SC53.AACCGCGAGCCAGAAC-1
65,SC53.AACCGCGAGGACAGAA-1
66,SC53.AACCGCGAGTCGCCGT-1
67,SC53.AACCGCGCATAGACTC-1
68,SC53.AACCGCGGTCTGCCAG-1
69,SC53.AACCGCGGTTGTCTTT-1
70,SC53.AACCGCGTCAGCGATT-1
71,SC53.AACCGCGTCGGGAGTA-1
72,SC53.AACGTTGAGGTGACCA-1
73,SC53.AACGTTGAGTCCCACG-1
74,SC53.AACGTTGCAGCCTTGG-1
75,SC53.AACGTTGCATACGCTA-1
76,SC53.AACTCAGGTCAATACC-1
77,SC53.AACTCAGGTCGATTGT-1
78,SC53.AACTCAGGTGGTGTAG-1
79,SC53.AACTCAGGTGTGAAAT-1
80,SC53.AACTCAGGTTCGTTGA-1
81,SC53.AACTCAGTCCCAAGTA-1
82,SC53.AACTCCCAGAAACGCC-1
83,SC53.AACTCCCAGATCACGG-1
84,SC53.AACTCCCAGGGTGTGT-1
85,SC53.AACTCCCCACAAGTAA-1
86,SC53.AACTCCCGTGTAACGG-1
87,SC53.AACTCCCTCACCTCGT-1
88,SC53.AACTCCCTCACGAAGG-1
89,SC53.AACTCCCTCGATCCCT-1
90,SC53.AACTCTTGTAAGAGGA-1
91,SC53.AACTCTTGTCCGACGT-1
92,SC53.AACTCTTGTTGACGTT-1
93,SC53.AACTCTTTCTACTTAC-1
94,SC53.AACTGGTAGGCAGGTT-1
95,SC53.AACTGGTCACTGCCAG-1
96,SC53.AACTGGTGTAGCGTGA-1
97,SC53.AACTGGTGTCTAGAGG-1
98,SC53.AACTGGTTCGGCGCTA-1
99,SC53.AACTGGTTCTCAAACG-1
100,SC53.AACTTTCAGATATACG-1
101,SC53.AACTTTCAGCTGTCTA-1
102,SC53.AACTTTCAGTGCTGCC-1
103,SC53.AACTTTCCAATAACGA-1
104,SC53.AACTTTCCACGGTAAG-1
105,SC53.AACTTTCCATGCTGGC-1
106,SC53.AACTTTCCATTCTCAT-1
107,SC53.AACTTTCGTAGTACCT-1
108,SC53.AAGACCTAGAATTGTG-1
109,SC53.AAGACCTGTAGCGATG-1
110,SC53.AAGACCTGTAGCTGCC-1
111,SC53.AAGACCTTCTTCGGTC-1
112,SC53.AAGCCGCGTACACCGC-1
113,SC53.AAGCCGCTCAGCAACT-1
114,SC53.AAGCCGCTCGAATGGG-1
115,SC53.AAGCCGCTCTAACCGA-1
116,SC53.AAGGAGCAGAGCCTAG-1
117,SC53.AAGGAGCAGCGCTTAT-1
118,SC53.AAGGAGCCAAACAACA-1
119,SC53.AAGGAGCCAAGGACAC-1
120,SC53.AAGGAGCCACGGTTTA-1
121,SC53.AAGGAGCGTTACCGAT-1
122,SC53.AAGGAGCTCAGAGGTG-1
123,SC53.AAGGAGCTCGTGGACC-1
124,SC53.AAGGAGCTCTTGTATC-1
125,SC53.AAGGCAGAGTGTTAGA-1
126,SC53.AAGGCAGCAAACTGCT-1
127,SC53.AAGGCAGCACCAGTTA-1
128,SC53.AAGGCAGCACCCAGTG-1
129,SC53.AAGGCAGGTCTAAACC-1
130,SC53.AAGGCAGGTCTAAAGA-1
131,SC53.AAGGCAGGTGTTTGGT-1
132,SC53.AAGGCAGGTTGGTAAA-1
133,SC53.AAGGCAGTCATTTGGG-1
134,SC53.AAGGCAGTCCTCAACC-1
135,SC53.AAGGTTCAGGTGACCA-1
136,SC53.AAGGTTCCAACTGCGC-1
137,SC53.AAGGTTCCAGTTCATG-1
138,SC53.AAGGTTCCATATGGTC-1
139,SC53.AAGGTTCCATGATCCA-1
140,SC53.AAGGTTCGTCCCTACT-1
141,SC53.AAGGTTCGTCTCTCTG-1
142,SC53.AAGGTTCGTGTTTGTG-1
143,SC53.AAGGTTCGTTAAGGGC-1
144,SC53.AAGTCTGAGAGACTTA-1
145,SC53.AAGTCTGAGCCTCGTG-1
146,SC53.AAGTCTGAGTGAATTG-1
147,SC53.AAGTCTGCACATCCAA-1
148,SC53.AAGTCTGCATATACCG-1
149,SC53.AAGTCTGCATTAGGCT-1
150,SC53.AAGTCTGTCGCAAACT-1
151,SC53.AATCCAGAGACTGTAA-1
152,SC53.AATCCAGAGAGTGACC-1
153,SC53.AATCCAGAGCACCGTC-1
154,SC53.AATCCAGCACAGATTC-1
155,SC53.AATCCAGGTTAGATGA-1
156,SC53.AATCCAGTCAAACCGT-1
157,SC53.AATCCAGTCAACTCTT-1
158,SC53.AATCGGTCAGGCTCAC-1
159,SC53.AATCGGTCATGATCCA-1
160,SC53.AATCGGTGTATGGTTC-1
161,SC53.AATCGGTTCACCCGAG-1
162,SC53.AATCGGTTCCTATTCA-1
163,SC53.AATCGGTTCGAATGGG-1
164,SC53.AATCGGTTCGACAGCC-1
165,SC53.ACACCAACACCCTATC-1
166,SC53.ACACCAACAGATCGGA-1
167,SC53.ACACCAACAGGACCCT-1
168,SC53.ACACCAACAGTATAAG-1
169,SC53.ACACCAAGTATGAAAC-1
170,SC53.ACACCAAGTCGCGGTT-1
171,SC53.ACACCAATCATGTGGT-1
172,SC53.ACACCCTAGACACGAC-1
173,SC53.ACACCCTAGTCTTGCA-1
174,SC53.ACACCCTCAACTGGCC-1
175,SC53.ACACCCTGTCACTGGC-1
176,SC53.ACACCCTGTGGACGAT-1
177,SC53.ACACCCTTCCTTGGTC-1
178,SC53.ACACCCTTCGGCGCTA-1
179,SC53.ACACCGGAGCCAGTTT-1
180,SC53.ACACCGGAGGCCCGTT-1
181,SC53.ACACCGGCAGGAACGT-1
182,SC53.ACACCGGCATGTTGAC-1
183,SC53.ACACTGAAGAAGCCCA-1
184,SC53.ACACTGACAAGGACTG-1
185,SC53.ACACTGAGTCAAGCGA-1
186,SC53.ACAGCCGAGTACATGA-1
187,SC53.ACAGCCGAGTGTCCCG-1
188,SC53.ACAGCCGCAAGAAAGG-1
189,SC53.ACAGCCGGTTCCACTC-1
190,SC53.ACAGCCGTCAACACGT-1
191,SC53.ACAGCCGTCCTTTACA-1
192,SC53.ACAGCTAAGCGCTCCA-1
193,SC53.ACAGCTAAGTGTACCT-1
194,SC53.ACAGCTACAAGCCGCT-1
195,SC53.ACAGCTACACGTAAGG-1
196,SC53.ACAGCTATCCTCATTA-1
197,SC53.ACATACGAGCTAACAA-1
198,SC53.ACATACGCACAACGCC-1
199,SC53.ACATACGCATTTGCCC-1
200,SC53.ACATACGGTCCGAAGA-1
201,SC53.ACATACGGTGCAACTT-1
202,SC53.ACATACGGTTCTCATT-1
203,SC53.ACATACGTCTCCGGTT-1
204,SC53.ACATCAGAGGAACTGC-1
205,SC53.ACATCAGAGTAACCCT-1
206,SC53.ACATCAGCACGCATCG-1
207,SC53.ACATCAGCAGAGCCAA-1
208,SC53.ACATCAGGTAAGGGCT-1
209,SC53.ACATCAGGTTGATTGC-1
210,SC53.ACATCAGTCGCCTGAG-1
211,SC53.ACATCAGTCTTGTATC-1
212,SC53.ACATGGTAGAGGGCTT-1
213,SC53.ACATGGTAGTATTGGA-1
214,SC53.ACATGGTCACATCCGG-1
215,SC53.ACATGGTGTACACCGC-1
216,SC53.ACATGGTGTCAAAGAT-1
217,SC53.ACATGGTGTCGCGAAA-1
218,SC53.ACCAGTAAGAACAACT-1
219,SC53.ACCAGTAAGCTCCTTC-1
220,SC53.ACCAGTAAGCTGCAAG-1
221,SC53.ACCAGTAAGTGGAGAA-1
222,SC53.ACCAGTACACACTGCG-1
223,SC53.ACCAGTACACGGTTTA-1
224,SC53.ACCAGTACAGTCAGAG-1
225,SC53.ACCAGTACAGTCGATT-1
226,SC53.ACCAGTAGTATTACCG-1
227,SC53.ACCCACTAGAGTTGGC-1
228,SC53.ACCCACTCACTAGTAC-1
229,SC53.ACCCACTTCACATGCA-1
230,SC53.ACCCACTTCCACGTTC-1
231,SC53.ACCCACTTCTGCGTAA-1
232,SC53.ACCGTAAAGTTTGCGT-1
233,SC53.ACCGTAACAGTATAAG-1
234,SC53.ACCGTAAGTCTGGTCG-1
235,SC53.ACCGTAAGTTGTCGCG-1
236,SC53.ACCGTAATCAACACAC-1
237,SC53.ACCGTAATCCACGAAT-1
238,SC53.ACCGTAATCCTGCCAT-1
239,SC53.ACCTTTAAGAGGTTAT-1
240,SC53.ACCTTTAAGTGACATA-1
241,SC53.ACCTTTACATCTCCCA-1
242,SC53.ACCTTTACATGCAACT-1
243,SC53.ACCTTTAGTCGTGGCT-1
244,SC53.ACCTTTAGTGACGGTA-1
245,SC53.ACCTTTATCTCCAACC-1
246,SC53.ACGAGCCAGATATGGT-1
247,SC53.ACGAGCCAGCGATAGC-1
248,SC53.ACGAGCCAGGGCACTA-1
249,SC53.ACGAGCCAGTTCGCGC-1
250,SC53.ACGAGCCTCCCTAATT-1
251,SC53.ACGAGCCTCCTCTAGC-1
252,SC53.ACGAGCCTCGAGAGCA-1
253,SC53.ACGAGGAAGTCAAGCG-1
254,SC53.ACGAGGAAGTTAGCGG-1
255,SC53.ACGAGGACAATACGCT-1
256,SC53.ACGAGGACACACCGAC-1
257,SC53.ACGAGGACACGGCCAT-1
258,SC53.ACGAGGACAGTAAGAT-1
259,SC53.ACGAGGAGTTGCGCAC-1
260,SC53.ACGAGGATCAACGGCC-1
261,SC53.ACGAGGATCACGACTA-1
262,SC53.ACGAGGATCTTGTTTG-1
263,SC53.ACGATACAGAACAATC-1
264,SC53.ACGATACCAAGTAGTA-1
265,SC53.ACGATACCATTTGCTT-1
266,SC53.ACGATACGTGACTCAT-1
267,SC53.ACGATACGTTATGCGT-1
268,SC53.ACGATACTCACTTATC-1
269,SC53.ACGATACTCGTCCAGG-1
270,SC53.ACGATACTCGTTTATC-1
271,SC53.ACGATGTAGGATATAC-1
272,SC53.ACGATGTAGGCACATG-1
273,SC53.ACGATGTAGTCATCCA-1
274,SC53.ACGATGTCAAATTGCC-1
275,SC53.ACGATGTCATGGTTGT-1
276,SC53.ACGATGTTCACATACG-1
277,SC53.ACGCAGCAGATAGGAG-1
278,SC53.ACGCAGCAGGCTCAGA-1
279,SC53.ACGCAGCAGTGTCCCG-1
280,SC53.ACGCAGCAGTGTGGCA-1
281,SC53.ACGCAGCCATTACCTT-1
282,SC53.ACGCAGCCATTCACTT-1
283,SC53.ACGCAGCGTATAATGG-1
284,SC53.ACGCAGCTCAACGGCC-1
285,SC53.ACGCAGCTCATCTGTT-1
286,SC53.ACGCCAGAGTCAAGCG-1
287,SC53.ACGCCAGAGTTAGGTA-1
288,SC53.ACGCCAGCAGCGATCC-1
289,SC53.ACGCCAGGTACCGTAT-1
290,SC53.ACGCCAGGTAGGCATG-1
291,SC53.ACGCCAGGTCTGCCAG-1
292,SC53.ACGCCAGTCAGGCCCA-1
293,SC53.ACGCCGAAGTAGGCCA-1
294,SC53.ACGCCGAAGTGTACGG-1
295,SC53.ACGCCGACATCACAAC-1
296,SC53.ACGCCGAGTGGCAAAC-1
297,SC53.ACGCCGAGTTGTACAC-1
298,SC53.ACGGAGAAGCCTATGT-1
299,SC53.ACGGAGAAGTCGATAA-1
300,SC53.ACGGAGACAAAGGCGT-1
301,SC53.ACGGAGACACCGTTGG-1
302,SC53.ACGGAGAGTAAATGAC-1
303,SC53.ACGGAGAGTCATCCCT-1
304,SC53.ACGGAGAGTTACAGAA-1
305,SC53.ACGGAGATCCCTTGTG-1
306,SC53.ACGGAGATCCTCATTA-1
307,SC53.ACGGAGATCGAATGCT-1
308,SC53.ACGGAGATCTGGCGTG-1
309,SC53.ACGGCCAAGAGGTTAT-1
310,SC53.ACGGCCAAGTCGTACT-1
311,SC53.ACGGCCACACGTAAGG-1
312,SC53.ACGGCCATCAAACAAG-1
313,SC53.ACGGGCTAGAGTAAGG-1
314,SC53.ACGGGCTAGCATCATC-1
315,SC53.ACGGGCTAGGTGACCA-1
316,SC53.ACGGGCTCAAGACGTG-1
317,SC53.ACGGGCTCACCTCGTT-1
318,SC53.ACGGGCTGTTCCTCCA-1
319,SC53.ACGGGTCAGCTAGGCA-1
320,SC53.ACGGGTCGTACTCTCC-1
321,SC53.ACGGGTCGTTAAGAAC-1
322,SC53.ACGGGTCTCAAAGTAG-1
323,SC53.ACGGGTCTCAGCGACC-1
324,SC53.ACGTCAAAGCCGTCGT-1
325,SC53.ACGTCAACAAGGGTCA-1
326,SC53.ACGTCAACAAGGTTTC-1
327,SC53.ACGTCAACATCTATGG-1
328,SC53.ACGTCAACATGTTGAC-1
329,SC53.ACGTCAAGTCTACCTC-1
330,SC53.ACGTCAAGTTCCACGG-1
331,SC53.ACGTCAAGTTTGTTTC-1
332,SC53.ACTATCTAGAAGAAGC-1
333,SC53.ACTATCTAGTGGAGAA-1
334,SC53.ACTATCTAGTGGGCTA-1
335,SC53.ACTATCTCAAACCTAC-1
336,SC53.ACTATCTCAAGAGTCG-1
337,SC53.ACTATCTCAATCGAAA-1
338,SC53.ACTATCTTCACATACG-1
339,SC53.ACTATCTTCCTTTACA-1
340,SC53.ACTGAACAGCACACAG-1
341,SC53.ACTGAACGTATGGTTC-1
342,SC53.ACTGAACTCTGCAAGT-1
343,SC53.ACTGAACTCTTCGAGA-1
344,SC53.ACTGAGTAGCAGACTG-1
345,SC53.ACTGAGTAGGAGTTGC-1
346,SC53.ACTGAGTAGGTCGGAT-1
347,SC53.ACTGAGTAGTATGACA-1
348,SC53.ACTGAGTCAGATAATG-1
349,SC53.ACTGAGTGTACCCAAT-1
350,SC53.ACTGAGTGTCTTCGTC-1
351,SC53.ACTGAGTGTTATGTGC-1
352,SC53.ACTGAGTTCTTACCGC-1
353,SC53.ACTGATGAGTAATCCC-1
354,SC53.ACTGATGCACGCCAGT-1
355,SC53.ACTGATGGTAAAGGAG-1
356,SC53.ACTGATGGTAACGACG-1
357,SC53.ACTGATGGTATTACCG-1
358,SC53.ACTGATGGTCAGAGGT-1
359,SC53.ACTGCTCAGAGCCCAA-1
360,SC53.ACTGCTCCACGTTGGC-1
361,SC53.ACTGCTCGTAGCGTAG-1
362,SC53.ACTGCTCGTATGAAAC-1
363,SC53.ACTGCTCGTCAGATAA-1
364,SC53.ACTGCTCTCACTTCAT-1
365,SC53.ACTGTCCCAATGAATG-1
366,SC53.ACTGTCCCACGAGAGT-1
367,SC53.ACTGTCCCACTGCCAG-1
368,SC53.ACTGTCCCAGGTCCAC-1
369,SC53.ACTGTCCCATGTTGAC-1
370,SC53.ACTGTCCGTTGAGTTC-1
371,SC53.ACTGTCCGTTTGACAC-1
372,SC53.ACTGTCCTCAGCACAT-1
373,SC53.ACTGTCCTCAGTGTTG-1
374,SC53.ACTGTCCTCGTAGGAG-1
375,SC53.ACTTACTAGAGCAATT-1
376,SC53.ACTTACTAGAGCTTCT-1
377,SC53.ACTTACTCATTCTCAT-1
378,SC53.ACTTACTGTAAGTGGC-1
379,SC53.ACTTACTGTAGTGAAT-1
380,SC53.ACTTACTGTTAAGGGC-1
381,SC53.ACTTGTTAGGAGCGTT-1
382,SC53.ACTTGTTAGGTGACCA-1
383,SC53.ACTTGTTCAAGCGCTC-1
384,SC53.ACTTGTTCACACAGAG-1
385,SC53.ACTTGTTCATTACCTT-1
386,SC53.ACTTGTTGTATAGTAG-1
387,SC53.ACTTGTTGTTACGCGC-1
388,SC53.ACTTTCAAGATAGGAG-1
389,SC53.ACTTTCACAATGGAGC-1
390,SC53.ACTTTCACACAGGTTT-1
391,SC53.ACTTTCAGTATATGGA-1
392,SC53.ACTTTCATCAGCCTAA-1
393,SC53.ACTTTCATCATGCTCC-1
394,SC53.ACTTTCATCTGCGGCA-1
395,SC53.AGAATAGAGGCTCAGA-1
396,SC53.AGAATAGCACAACGCC-1
397,SC53.AGAATAGGTAGCTTGT-1
398,SC53.AGAATAGGTCGCGGTT-1
399,SC53.AGAATAGGTTGGTAAA-1
400,SC53.AGAATAGGTTGTACAC-1
401,SC53.AGAATAGTCATACGGT-1
402,SC53.AGACGTTAGAGGTTGC-1
403,SC53.AGACGTTAGATCCGAG-1
404,SC53.AGACGTTAGCCAACAG-1
405,SC53.AGACGTTAGCGTGAGT-1
406,SC53.AGACGTTCATCCGTGG-1
407,SC53.AGACGTTGTTGATTGC-1
408,SC53.AGACGTTTCGCCAGCA-1
409,SC53.AGACGTTTCTTGTTTG-1
410,SC53.AGAGCGAAGAATTCCC-1
411,SC53.AGAGCGAAGCTACCTA-1
412,SC53.AGAGCGAAGGCATTGG-1
413,SC53.AGAGCGATCTGGCGTG-1
414,SC53.AGAGCTTAGATCGATA-1
415,SC53.AGAGCTTAGCGCCTTG-1
416,SC53.AGAGCTTAGTTAACGA-1
417,SC53.AGAGCTTCAAGGCTCC-1
418,SC53.AGAGCTTCAGGTTTCA-1
419,SC53.AGAGCTTGTAGAGCTG-1
420,SC53.AGAGCTTGTCACCCAG-1
421,SC53.AGAGCTTGTCATGCAT-1
422,SC53.AGAGCTTGTGAAATCA-1
423,SC53.AGAGCTTGTTCAGCGC-1
424,SC53.AGAGCTTGTTGGTAAA-1
425,SC53.AGAGTGGAGCCGTCGT-1
426,SC53.AGAGTGGAGGAGCGTT-1
427,SC53.AGAGTGGAGGGAGTAA-1
428,SC53.AGAGTGGAGGTAGCTG-1
429,SC53.AGAGTGGCATTTCACT-1
430,SC53.AGAGTGGGTAAATACG-1
431,SC53.AGAGTGGGTCAGATAA-1
432,SC53.AGAGTGGTCCTAGTGA-1
433,SC53.AGAGTGGTCTTGCCGT-1
434,SC53.AGATCTGAGAAGGGTA-1
435,SC53.AGATCTGAGCGATTCT-1
436,SC53.AGATCTGAGCTACCGC-1
437,SC53.AGATCTGAGTATTGGA-1
438,SC53.AGATCTGCACCAGGTC-1
439,SC53.AGATCTGGTAGCAAAT-1
440,SC53.AGATCTGGTCTAAAGA-1
441,SC53.AGATCTGTCGCCCTTA-1
442,SC53.AGATCTGTCTATCCTA-1
443,SC53.AGATCTGTCTCTTGAT-1
444,SC53.AGATTGCAGATTACCC-1
445,SC53.AGATTGCCATTCCTGC-1
446,SC53.AGATTGCGTTCCATGA-1
447,SC53.AGATTGCTCAACACCA-1
448,SC53.AGATTGCTCATGTCTT-1
449,SC53.AGATTGCTCCGCAAGC-1
450,SC53.AGCAGCCGTGACGGTA-1
451,SC53.AGCAGCCTCACCGGGT-1
452,SC53.AGCAGCCTCAGGTAAA-1
453,SC53.AGCAGCCTCATCATTC-1
454,SC53.AGCAGCCTCCGAATGT-1
455,SC53.AGCAGCCTCCGCAAGC-1
456,SC53.AGCATACAGATGCGAC-1
457,SC53.AGCATACAGCTAGGCA-1
458,SC53.AGCATACAGTAGCCGA-1
459,SC53.AGCATACCACGAAAGC-1
460,SC53.AGCATACCACGCCAGT-1
461,SC53.AGCATACCAGATTGCT-1
462,SC53.AGCATACGTAGAGTGC-1
463,SC53.AGCATACGTTACGCGC-1
464,SC53.AGCATACTCCAAATGC-1
465,SC53.AGCCTAAAGAGTACCG-1
466,SC53.AGCCTAAAGGATATAC-1
467,SC53.AGCCTAAAGTCCAGGA-1
468,SC53.AGCCTAACACAAGCCC-1
469,SC53.AGCCTAAGTTCTGTTT-1
470,SC53.AGCCTAAGTTTACTCT-1
471,SC53.AGCCTAATCTGTCTCG-1
472,SC53.AGCCTAATCTTACCTA-1
473,SC53.AGCGGTCAGATACACA-1
474,SC53.AGCGGTCAGCGCCTCA-1
475,SC53.AGCGGTCCACAGACAG-1
476,SC53.AGCGGTCCAGACAAAT-1
477,SC53.AGCGGTCCAGTCGTGC-1
478,SC53.AGCGGTCCATAGGATA-1
479,SC53.AGCGGTCGTCGCTTCT-1
480,SC53.AGCGGTCGTTCCCTTG-1
481,SC53.AGCGGTCTCCCTCTTT-1
482,SC53.AGCGGTCTCCGTCATC-1
483,SC53.AGCGTATTCGCGTTTC-1
484,SC53.AGCGTCGCAGAGTGTG-1
485,SC53.AGCTCCTAGGCGTACA-1
486,SC53.AGCTCCTCAGACAGGT-1
487,SC53.AGCTCCTGTACCGGCT-1
488,SC53.AGCTCCTGTTATTCTC-1
489,SC53.AGCTCCTTCCAAATGC-1
490,SC53.AGCTCCTTCTGAGGGA-1
491,SC53.AGCTCTCAGATATACG-1
492,SC53.AGCTCTCAGATGGCGT-1
493,SC53.AGCTCTCAGCGTGAAC-1
494,SC53.AGCTCTCCAATGCCAT-1
495,SC53.AGCTCTCGTCAACATC-1
496,SC53.AGCTCTCTCACTCCTG-1
497,SC53.AGCTTGAGTATAGTAG-1
498,SC53.AGCTTGAGTCAGAATA-1
499,SC53.AGCTTGATCTACTTAC-1
500,SC53.AGGCCACCAAGGTTTC-1
501,SC53.AGGCCACCATCACGAT-1
502,SC53.AGGCCACGTCCCTTGT-1
503,SC53.AGGCCACGTTGCGTTA-1
504,SC53.AGGCCACTCAAGCCTA-1
505,SC53.AGGCCACTCCGGGTGT-1
506,SC53.AGGCCACTCTAACTGG-1
507,SC53.AGGCCGTAGATGCGAC-1
508,SC53.AGGCCGTAGATGGCGT-1
509,SC53.AGGCCGTCACATCCGG-1
510,SC53.AGGCCGTCACCAGGTC-1
511,SC53.AGGCCGTGTACATCCA-1
512,SC53.AGGCCGTGTGGCCCTA-1
513,SC53.AGGCCGTTCTGTCCGT-1
514,SC53.AGGCCGTTCTGTTGAG-1
515,SC53.AGGGAGTAGCCACGTC-1
516,SC53.AGGGAGTAGTACGTAA-1
517,SC53.AGGGAGTAGTGAACAT-1
518,SC53.AGGGAGTCAAGCCGTC-1
519,SC53.AGGGAGTCATGGGACA-1
520,SC53.AGGGAGTTCCCAAGAT-1
521,SC53.AGGGATGCATCGGGTC-1
522,SC53.AGGGATGTCAGTGTTG-1
523,SC53.AGGGTGAAGCCCAATT-1
524,SC53.AGGGTGAGTGTTTGGT-1
525,SC53.AGGGTGATCAGCTGGC-1
526,SC53.AGGGTGATCCTACAGA-1
527,SC53.AGGGTGATCCTCAATT-1
528,SC53.AGGTCATAGAAGATTC-1
529,SC53.AGGTCATAGAGATGAG-1
530,SC53.AGGTCATAGATGCGAC-1
531,SC53.AGGTCATAGCCGGTAA-1
532,SC53.AGGTCCGAGATGTAAC-1
533,SC53.AGGTCCGAGGTGCAAC-1
534,SC53.AGGTCCGAGGTTCCTA-1
535,SC53.AGGTCCGGTATTACCG-1
536,SC53.AGGTCCGTCAAGGCTT-1
537,SC53.AGGTCCGTCAGTTCGA-1
538,SC53.AGGTCCGTCGGCGGTT-1
539,SC53.AGTAGTCCAAGGCTCC-1
540,SC53.AGTAGTCCACCTCGTT-1
541,SC53.AGTAGTCGTCGAACAG-1
542,SC53.AGTAGTCTCGCTTGTC-1
543,SC53.AGTAGTCTCTCCAGGG-1
544,SC53.AGTAGTCTCTTGTTTG-1
545,SC53.AGTCTTTAGTCCATAC-1
546,SC53.AGTCTTTGTAAATGTG-1
547,SC53.AGTCTTTGTGTGGCTC-1
548,SC53.AGTCTTTTCACCAGGC-1
549,SC53.AGTCTTTTCATATCGG-1
550,SC53.AGTCTTTTCCATGAGT-1
551,SC53.AGTCTTTTCCTTGCCA-1
552,SC53.AGTGAGGAGGGCTTGA-1
553,SC53.AGTGAGGCAGCTGTAT-1
554,SC53.AGTGAGGCATGGAATA-1
555,SC53.AGTGAGGGTCTTTCAT-1
556,SC53.AGTGAGGGTGTAATGA-1
557,SC53.AGTGGGAAGACCGGAT-1
558,SC53.AGTGGGAAGCGATAGC-1
559,SC53.AGTGGGAAGGTGATAT-1
560,SC53.AGTGGGACAAAGCGGT-1
561,SC53.AGTGGGACATACGCCG-1
562,SC53.AGTGGGAGTTACGGAG-1
563,SC53.AGTGGGAGTTCTGTTT-1
564,SC53.AGTGGGATCAAAGTAG-1
565,SC53.AGTGTCAAGAGCAATT-1
566,SC53.AGTGTCAAGCCACGCT-1
567,SC53.AGTGTCAAGGAACTGC-1
568,SC53.AGTGTCACAGGTCGTC-1
569,SC53.AGTGTCAGTACAGTGG-1
570,SC53.AGTGTCAGTGAAAGAG-1
571,SC53.AGTGTCATCATCACCC-1
572,SC53.AGTTGGTAGAAGGTTT-1
573,SC53.AGTTGGTAGAGATGAG-1
574,SC53.AGTTGGTAGTGAAGAG-1
575,SC53.AGTTGGTCAATGGAGC-1
576,SC53.AGTTGGTCACGACGAA-1
577,SC53.AGTTGGTCACTTACGA-1
578,SC53.AGTTGGTCAGCCTTTC-1
579,SC53.AGTTGGTGTCCTCCAT-1
580,SC53.AGTTGGTGTCGCTTCT-1
581,SC53.AGTTGGTTCAACCATG-1
582,SC53.AGTTGGTTCTCAAACG-1
583,SC53.ATAACGCAGAGCCTAG-1
584,SC53.ATAACGCAGCTGGAAC-1
585,SC53.ATAACGCAGGACGAAA-1
586,SC53.ATAACGCGTCCTGCTT-1
587,SC53.ATAACGCGTTGACGTT-1
588,SC53.ATAACGCTCCTAGAAC-1
589,SC53.ATAAGAGAGCGATATA-1
590,SC53.ATAAGAGAGTAGATGT-1
591,SC53.ATAAGAGGTACGCACC-1
592,SC53.ATAAGAGGTGGTTTCA-1
593,SC53.ATAAGAGGTGTCTGAT-1
594,SC53.ATAAGAGTCTGCGACG-1
595,SC53.ATAAGAGTCTTGCATT-1
596,SC53.ATAGACCAGGGCTCTC-1
597,SC53.ATAGACCCAACCGCCA-1
598,SC53.ATAGACCCAGTTTACG-1
599,SC53.ATAGACCGTGCAACTT-1
600,SC53.ATAGACCTCACAGTAC-1
601,SC53.ATAGACCTCCACGTGG-1
602,SC53.ATAGACCTCCTTAATC-1
603,SC53.ATAGACCTCTTATCTG-1
604,SC53.ATCACGAAGAAAGTGG-1
605,SC53.ATCACGAGTTGCGCAC-1
606,SC53.ATCACGATCCAGAGGA-1
607,SC53.ATCACGATCGGTCTAA-1
608,SC53.ATCATCTAGAATTGTG-1
609,SC53.ATCATCTAGATGTAAC-1
610,SC53.ATCATCTAGTACGTTC-1
611,SC53.ATCATCTGTGGGTATG-1
612,SC53.ATCATCTGTTTGACTG-1
613,SC53.ATCATCTTCAACGGCC-1
614,SC53.ATCATCTTCAATACCG-1
615,SC53.ATCATGGAGACTTTCG-1
616,SC53.ATCATGGCAACGCACC-1
617,SC53.ATCATGGCACCAGGTC-1
618,SC53.ATCATGGCACGCATCG-1
619,SC53.ATCATGGCATCTGGTA-1
620,SC53.ATCATGGCATTCTTAC-1
621,SC53.ATCATGGGTCGTTGTA-1
622,SC53.ATCATGGGTGTTTGTG-1
623,SC53.ATCCACCAGCTGCCCA-1
624,SC53.ATCCACCCACACCGCA-1
625,SC53.ATCCACCCACTTCTGC-1
626,SC53.ATCCACCCATCCTAGA-1
627,SC53.ATCCACCGTAAACGCG-1
628,SC53.ATCCACCGTCGCGTGT-1
629,SC53.ATCCACCGTTCAACCA-1
630,SC53.ATCCACCTCAACACAC-1
631,SC53.ATCCACCTCACCATAG-1
632,SC53.ATCCACCTCGACCAGC-1
633,SC53.ATCCGAAAGGGAGTAA-1
634,SC53.ATCCGAAAGTAGATGT-1
635,SC53.ATCCGAACAAGTCATC-1
636,SC53.ATCCGAACAGTCCTTC-1
637,SC53.ATCCGAAGTTACCGAT-1
638,SC53.ATCGAGTAGAAACGAG-1
639,SC53.ATCGAGTCAAATTGCC-1
640,SC53.ATCGAGTCAGTCACTA-1
641,SC53.ATCGAGTGTATAGGTA-1
642,SC53.ATCGAGTGTTAAGTAG-1
643,SC53.ATCGAGTGTTTAGCTG-1
644,SC53.ATCGAGTTCACATACG-1
645,SC53.ATCTACTAGACAATAC-1
646,SC53.ATCTACTAGGAGTTGC-1
647,SC53.ATCTACTAGGCTCAGA-1
648,SC53.ATCTACTAGTCGCCGT-1
649,SC53.ATCTACTCACTTAAGC-1
650,SC53.ATCTACTCAGCTCCGA-1
651,SC53.ATCTACTCAGGACCCT-1
652,SC53.ATCTACTGTTTAGGAA-1
653,SC53.ATCTACTTCCTTGACC-1
654,SC53.ATCTACTTCGTTTATC-1
655,SC53.ATCTACTTCTCAACTT-1
656,SC53.ATCTGCCAGGCATGGT-1
657,SC53.ATCTGCCAGGGCTTCC-1
658,SC53.ATCTGCCCAACACGCC-1
659,SC53.ATCTGCCCAATGCCAT-1
660,SC53.ATCTGCCGTAGAGCTG-1
661,SC53.ATCTGCCGTTTAGGAA-1
662,SC53.ATGAGGGAGCACCGTC-1
663,SC53.ATGAGGGAGTGTCCCG-1
664,SC53.ATGAGGGCATCATCCC-1
665,SC53.ATGAGGGGTCATATCG-1
666,SC53.ATGAGGGTCCAAAGTC-1
667,SC53.ATGAGGGTCGGTTAAC-1
668,SC53.ATGCGATAGACTTGAA-1
669,SC53.ATGCGATCAATCAGAA-1
670,SC53.ATGCGATCACTATCTT-1
671,SC53.ATGCGATCATTCTCAT-1
672,SC53.ATGGGAGAGATAGGAG-1
673,SC53.ATGGGAGAGGTGCTTT-1
674,SC53.ATGGGAGCAATAGAGT-1
675,SC53.ATGGGAGCATGAACCT-1
676,SC53.ATGGGAGGTCCGTGAC-1
677,SC53.ATGGGAGTCAGCTTAG-1
678,SC53.ATGGGAGTCCTCAATT-1
679,SC53.ATGGGAGTCTCCGGTT-1
680,SC53.ATGGGAGTCTGCGGCA-1
681,SC53.ATGTGTGAGATCGATA-1
682,SC53.ATGTGTGAGTGTACGG-1
683,SC53.ATGTGTGCATCCCACT-1
684,SC53.ATGTGTGCATCTGGTA-1
685,SC53.ATGTGTGCATGCGCAC-1
686,SC53.ATGTGTGGTGATGTGG-1
687,SC53.ATGTGTGGTGCGGTAA-1
688,SC53.ATGTGTGGTTGATTCG-1
689,SC53.ATGTGTGTCAGTTCGA-1
690,SC53.ATTACTCAGAGCCTAG-1
691,SC53.ATTACTCCACACATGT-1
692,SC53.ATTACTCGTCTCCACT-1
693,SC53.ATTACTCGTGTCAATC-1
694,SC53.ATTACTCTCCTCCTAG-1
695,SC53.ATTACTCTCGTAGATC-1
696,SC53.ATTATCCTCAAGCCTA-1
697,SC53.ATTATCCTCTGGCGAC-1
698,SC53.ATTCTACAGAAGGGTA-1
699,SC53.ATTCTACAGAGTCGGT-1
700,SC53.ATTCTACAGGGTTTCT-1
701,SC53.ATTCTACCAGTCAGCC-1
702,SC53.ATTCTACGTTCCACAA-1
703,SC53.ATTGGACCAATGGAAT-1
704,SC53.ATTGGACCAGGATTGG-1
705,SC53.ATTGGACGTACTCTCC-1
706,SC53.ATTGGACGTCTAAAGA-1
707,SC53.ATTGGACGTGCGAAAC-1
708,SC53.ATTGGACTCGAATGGG-1
709,SC53.ATTGGTGAGAGCCTAG-1
710,SC53.ATTGGTGAGCACACAG-1
711,SC53.ATTGGTGAGCATCATC-1
712,SC53.ATTGGTGAGGTGATAT-1
713,SC53.ATTGGTGAGTCAAGCG-1
714,SC53.ATTGGTGCAAGTTAAG-1
715,SC53.ATTGGTGCAATAAGCA-1
716,SC53.ATTGGTGGTCTCTCTG-1
717,SC53.ATTGGTGTCAGCTTAG-1
718,SC53.ATTTCTGAGTATCTCG-1
719,SC53.ATTTCTGCAAGCGAGT-1
720,SC53.ATTTCTGCATCCGTGG-1
721,SC53.ATTTCTGGTCAAAGAT-1
722,SC53.ATTTCTGGTCAACTGT-1
723,SC53.CAACCAAAGCCCAGCT-1
724,SC53.CAACCAAAGCGTGAGT-1
725,SC53.CAACCAACAAACTGCT-1
726,SC53.CAACCAACACCGTTGG-1
727,SC53.CAACCAACAGTAAGCG-1
728,SC53.CAACCAACATCCGCGA-1
729,SC53.CAACCAAGTACCGGCT-1
730,SC53.CAACCAAGTGTTCTTT-1
731,SC53.CAACCAATCCCTGACT-1
732,SC53.CAACCTCAGATGTCGG-1
733,SC53.CAACCTCAGGCTATCT-1
734,SC53.CAACCTCAGTGAAGAG-1
735,SC53.CAACCTCCACGAGAGT-1
736,SC53.CAACCTCCATGCAACT-1
737,SC53.CAACCTCTCGAATGCT-1
738,SC53.CAACCTCTCGTCTGCT-1
739,SC53.CAACTAGCATGCCTTC-1
740,SC53.CAACTAGCATGTCTCC-1
741,SC53.CAACTAGGTACTTAGC-1
742,SC53.CAACTAGGTCAAGCGA-1
743,SC53.CAACTAGTCACAGTAC-1
744,SC53.CAACTAGTCAGGCAAG-1
745,SC53.CAACTAGTCTGAAAGA-1
746,SC53.CAAGAAAAGCGACGTA-1
747,SC53.CAAGAAACACGTCAGC-1
748,SC53.CAAGAAACATGCCCGA-1
749,SC53.CAAGAAATCGGCGGTT-1
750,SC53.CAAGAAATCTACCAGA-1
751,SC53.CAAGATCAGTGAAGAG-1
752,SC53.CAAGATCGTGCAGGTA-1
753,SC53.CAAGATCGTTATCACG-1
754,SC53.CAAGATCTCATGCTCC-1
755,SC53.CAAGATCTCGTCCAGG-1
756,SC53.CAAGATCTCTGCTGCT-1
757,SC53.CAAGGCCAGCACCGTC-1
758,SC53.CAAGGCCAGCCCAACC-1
759,SC53.CAAGGCCAGGCGACAT-1
760,SC53.CAAGGCCAGTCTCAAC-1
761,SC53.CAAGGCCCAAGTAATG-1
762,SC53.CAAGGCCCATGGTCAT-1
763,SC53.CAAGGCCGTTCTGTTT-1
764,SC53.CAAGGCCGTTGTGGAG-1
765,SC53.CAAGGCCTCAACGGGA-1
766,SC53.CAAGTTGAGAGACGAA-1
767,SC53.CAAGTTGAGCTCAACT-1
768,SC53.CAAGTTGCAGGGAGAG-1
769,SC53.CAAGTTGCATAGAAAC-1
770,SC53.CAAGTTGGTCCCTACT-1
771,SC53.CAAGTTGGTTGCGCAC-1
772,SC53.CAAGTTGTCAAGGTAA-1
773,SC53.CACAAACAGGGCACTA-1
774,SC53.CACAAACCACAACGTT-1
775,SC53.CACAAACCATTCACTT-1
776,SC53.CACAAACGTATTCTCT-1
777,SC53.CACAAACGTTAAAGAC-1
778,SC53.CACAAACGTTAAAGTG-1
779,SC53.CACAAACTCCACTGGG-1
780,SC53.CACAAACTCTGCAGTA-1
781,SC53.CACACAAAGCCTTGAT-1
782,SC53.CACACAAAGCGACGTA-1
783,SC53.CACACAAAGCGAGAAA-1
784,SC53.CACACAACAAGGCTCC-1
785,SC53.CACACAATCGGTTAAC-1
786,SC53.CACACCTCAAGGGTCA-1
787,SC53.CACACCTCACATTCGA-1
788,SC53.CACACCTGTAGCTGCC-1
789,SC53.CACACCTGTCCTAGCG-1
790,SC53.CACACCTGTGCAACTT-1
791,SC53.CACACCTTCCTCATTA-1
792,SC53.CACACTCCATGATCCA-1
793,SC53.CACACTCCATGCTAGT-1
794,SC53.CACACTCCATGGTTGT-1
795,SC53.CACACTCGTCATCCCT-1
796,SC53.CACACTCGTCTAGCCG-1
797,SC53.CACAGGCAGACTCGGA-1
798,SC53.CACAGGCGTACGCTGC-1
799,SC53.CACAGGCGTGAGGGTT-1
800,SC53.CACAGTAAGTTGCAGG-1
801,SC53.CACAGTACAAGCGAGT-1
802,SC53.CACAGTACAATCCAAC-1
803,SC53.CACAGTAGTCGGCTCA-1
804,SC53.CACAGTATCCTACAGA-1
805,SC53.CACAGTATCTCGCATC-1
806,SC53.CACATAGAGCAATCTC-1
807,SC53.CACATAGAGGACACCA-1
808,SC53.CACATAGAGTCATCCA-1
809,SC53.CACATAGAGTCGCCGT-1
810,SC53.CACATAGGTAGAGCTG-1
811,SC53.CACATAGTCCCAAGAT-1
812,SC53.CACATAGTCGGGAGTA-1
813,SC53.CACATAGTCTAGCACA-1
814,SC53.CACATTTAGTAGGCCA-1
815,SC53.CACATTTAGTTGCAGG-1
816,SC53.CACATTTCAAGCTGGA-1
817,SC53.CACATTTCATGGTCAT-1
818,SC53.CACATTTGTCAAACTC-1
819,SC53.CACATTTGTCAGAAGC-1
820,SC53.CACATTTGTCTACCTC-1
821,SC53.CACATTTGTGCAGTAG-1
822,SC53.CACATTTTCCTACAGA-1
823,SC53.CACCACTCACTTAAGC-1
824,SC53.CACCACTGTGCTGTAT-1
825,SC53.CACCACTGTGTGCCTG-1
826,SC53.CACCACTTCCGGCACA-1
827,SC53.CACCAGGCACCTCGGA-1
828,SC53.CACCAGGCACGCGAAA-1
829,SC53.CACCAGGCAGCTTAAC-1
830,SC53.CACCAGGCATAGTAAG-1
831,SC53.CACCAGGCATATACGC-1
832,SC53.CACCAGGGTCCGTCAG-1
833,SC53.CACCAGGGTGAGGCTA-1
834,SC53.CACCAGGGTGGAAAGA-1
835,SC53.CACCAGGGTTCAGACT-1
836,SC53.CACCTTGAGAACAATC-1
837,SC53.CACCTTGCATCGGGTC-1
838,SC53.CACCTTGTCAGAGCTT-1
839,SC53.CACCTTGTCATGGTCA-1
840,SC53.CACCTTGTCCAAGTAC-1
841,SC53.CACCTTGTCGTCCGTT-1
842,SC53.CACCTTGTCTAGAGTC-1
843,SC53.CACTCCAAGGCTCAGA-1
844,SC53.CACTCCAAGTATGACA-1
845,SC53.CACTCCAGTCTCCATC-1
846,SC53.CACTCCAGTTCGGCAC-1
847,SC53.CACTCCAGTTCGTGAT-1
848,SC53.CACTCCATCGCGATCG-1
849,SC53.CAGAATCCAATCTGCA-1
850,SC53.CAGAATCCAGTGGAGT-1
851,SC53.CAGAATCTCCGTTGCT-1
852,SC53.CAGAATCTCTATGTGG-1
853,SC53.CAGAGAGAGAACAATC-1
854,SC53.CAGAGAGAGTTAACGA-1
855,SC53.CAGAGAGGTACAGTTC-1
856,SC53.CAGAGAGGTGGCGAAT-1
857,SC53.CAGATCAAGACGCACA-1
858,SC53.CAGATCAAGGTGCAAC-1
859,SC53.CAGATCACAGGTGCCT-1
860,SC53.CAGATCATCAGCTCTC-1
861,SC53.CAGATCATCCAAAGTC-1
862,SC53.CAGCAGCAGGCCATAG-1
863,SC53.CAGCAGCCAAGTCTGT-1
864,SC53.CAGCAGCCAGTGAGTG-1
865,SC53.CAGCAGCTCATCTGCC-1
866,SC53.CAGCAGCTCTAACGGT-1
867,SC53.CAGCATAAGAGCAATT-1
868,SC53.CAGCATAAGGGATCTG-1
869,SC53.CAGCATAAGGTGCTTT-1
870,SC53.CAGCATACAAGCGCTC-1
871,SC53.CAGCATACATCATCCC-1
872,SC53.CAGCATAGTAAACGCG-1
873,SC53.CAGCATATCATTGCGA-1
874,SC53.CAGCATATCTGTCAAG-1
875,SC53.CAGCCGAAGTTACCCA-1
876,SC53.CAGCCGACAGCCTATA-1
877,SC53.CAGCCGACAGTGAGTG-1
878,SC53.CAGCCGAGTTGAACTC-1
879,SC53.CAGCCGATCACAATGC-1
880,SC53.CAGCCGATCGTGGGAA-1
881,SC53.CAGCCGATCTGAAAGA-1
882,SC53.CAGCGACGTAGAAAGG-1
883,SC53.CAGCGACGTCTAGAGG-1
884,SC53.CAGCGACTCAATAAGG-1
885,SC53.CAGCTAAAGGATGGAA-1
886,SC53.CAGCTAAAGTAAGTAC-1
887,SC53.CAGCTAAAGTGTCCCG-1
888,SC53.CAGCTAACAAGTCTAC-1
889,SC53.CAGCTAACAATCACAC-1
890,SC53.CAGCTAACACCGATAT-1
891,SC53.CAGCTAATCTGATACG-1
892,SC53.CAGCTGGAGTTGTCGT-1
893,SC53.CAGCTGGCAAAGGAAG-1
894,SC53.CAGCTGGCAACGATGG-1
895,SC53.CAGCTGGCAAGCCCAC-1
896,SC53.CAGCTGGGTCTCGTTC-1
897,SC53.CAGCTGGTCAACGGCC-1
898,SC53.CAGCTGGTCTCCCTGA-1
899,SC53.CAGGTGCCAAGCTGAG-1
900,SC53.CAGGTGCCACGGACAA-1
901,SC53.CAGGTGCTCAATAAGG-1
902,SC53.CAGTAACAGACCCACC-1
903,SC53.CAGTAACAGGCTACGA-1
904,SC53.CAGTAACCACCGCTAG-1
905,SC53.CAGTAACCAGTAACGG-1
906,SC53.CAGTAACGTCCGTTAA-1
907,SC53.CAGTAACGTTACGGAG-1
908,SC53.CAGTCCTAGCCCTAAT-1
909,SC53.CAGTCCTCAGCCTATA-1
910,SC53.CAGTCCTGTTATGCGT-1
911,SC53.CAGTCCTTCATTATCC-1
912,SC53.CATATGGAGCAGGCTA-1
913,SC53.CATATGGAGGGCATGT-1
914,SC53.CATATGGAGTTCGCGC-1
915,SC53.CATATGGCAACTGCTA-1
916,SC53.CATATGGCACTGCCAG-1
917,SC53.CATATGGCAGCATACT-1
918,SC53.CATATGGCATCGATGT-1
919,SC53.CATATGGGTAGTGAAT-1
920,SC53.CATATGGTCGTCCGTT-1
921,SC53.CATATGGTCTTACCGC-1
922,SC53.CATATTCCAGCCACCA-1
923,SC53.CATATTCCAGCCTATA-1
924,SC53.CATATTCCAGTAGAGC-1
925,SC53.CATATTCGTAAACACA-1
926,SC53.CATATTCTCAGAAATG-1
927,SC53.CATCAAGGTGAGCGAT-1
928,SC53.CATCAAGGTTATTCTC-1
929,SC53.CATCAAGGTTTGTTGG-1
930,SC53.CATCAAGTCAAAGACA-1
931,SC53.CATCAAGTCAAGCCTA-1
932,SC53.CATCAAGTCACATAGC-1
933,SC53.CATCAAGTCCCATTTA-1
934,SC53.CATCAAGTCCTCATTA-1
935,SC53.CATCAAGTCTTGCATT-1
936,SC53.CATCAGAAGACGACGT-1
937,SC53.CATCAGAAGCCCAGCT-1
938,SC53.CATCAGAAGCGCCTTG-1
939,SC53.CATCAGAAGGAGTCTG-1
940,SC53.CATCAGACAAGAAGAG-1
941,SC53.CATCAGAGTCCGAAGA-1
942,SC53.CATCAGATCCTCAACC-1
943,SC53.CATCAGATCTGCCCTA-1
944,SC53.CATCCACAGTGGTCCC-1
945,SC53.CATCCACCAAATCCGT-1
946,SC53.CATCCACCAATGTTGC-1
947,SC53.CATCCACTCAGCTTAG-1
948,SC53.CATCCACTCCTTAATC-1
949,SC53.CATCGAAAGTCGATAA-1
950,SC53.CATCGAAAGTTAGGTA-1
951,SC53.CATCGAACATGTTGAC-1
952,SC53.CATCGAAGTACTTAGC-1
953,SC53.CATCGAAGTGCCTTGG-1
954,SC53.CATCGAATCACATACG-1
955,SC53.CATCGAATCCCACTTG-1
956,SC53.CATCGAATCGGAATCT-1
957,SC53.CATCGAATCGGACAAG-1
958,SC53.CATCGGGGTGCAACGA-1
959,SC53.CATCGGGTCCTCCTAG-1
960,SC53.CATGACAAGCCCGAAA-1
961,SC53.CATGACAAGGGATCTG-1
962,SC53.CATGACAAGTACGTAA-1
963,SC53.CATGACACAAGGTTTC-1
964,SC53.CATGACACACCCTATC-1
965,SC53.CATGACAGTGGACGAT-1
966,SC53.CATGACAGTGTGCCTG-1
967,SC53.CATGACATCAAGGTAA-1
968,SC53.CATGACATCGTACCGG-1
969,SC53.CATGCCTAGACAAAGG-1
970,SC53.CATGCCTGTACAAGTA-1
971,SC53.CATGCCTGTTTGTGTG-1
972,SC53.CATGCCTTCACTCTTA-1
973,SC53.CATGCCTTCGATGAGG-1
974,SC53.CATGCCTTCGTAGGAG-1
975,SC53.CATGGCGCAAGTCATC-1
976,SC53.CATGGCGCAATCACAC-1
977,SC53.CATGGCGGTAGCGCAA-1
978,SC53.CATGGCGGTTGCTCCT-1
979,SC53.CATTATCAGAAAGTGG-1
980,SC53.CATTATCAGCGCCTTG-1
981,SC53.CATTATCCAGCCTATA-1
982,SC53.CATTATCGTCGCATCG-1
983,SC53.CATTATCGTGCAACTT-1
984,SC53.CATTATCGTGGTACAG-1
985,SC53.CATTATCGTTTAAGCC-1
986,SC53.CATTCGCAGATCCTGT-1
987,SC53.CATTCGCCAGCTATTG-1
988,SC53.CATTCGCTCCGAATGT-1
989,SC53.CCAATCCAGCACACAG-1
990,SC53.CCAATCCAGCACCGTC-1
991,SC53.CCAATCCCAAAGTGCG-1
992,SC53.CCAATCCGTAACGCGA-1
993,SC53.CCAATCCTCCAAAGTC-1
994,SC53.CCACCTACATCCAACA-1
995,SC53.CCACCTATCTACCTGC-1
996,SC53.CCACCTATCTTTAGTC-1
997,SC53.CCACGGAAGAACTCGG-1
998,SC53.CCACGGACAAACCTAC-1
999,SC53.CCACGGACAAAGTCAA-1
1000,SC53.CCACGGACACGAAATA-1
1001,SC53.CCACGGACAGATGGGT-1
1002,SC53.CCACGGAGTCATATCG-1
1003,SC53.CCACGGAGTCGTTGTA-1
1004,SC53.CCACGGAGTGCATCTA-1
1005,SC53.CCACTACCAGGTCTCG-1
1006,SC53.CCACTACCATATGAGA-1
1007,SC53.CCACTACCATTTGCTT-1
1008,SC53.CCACTACGTAGCGTAG-1
1009,SC53.CCACTACGTGAGTATA-1
1010,SC53.CCAGCGAAGCAGGCTA-1
1011,SC53.CCAGCGAGTAATCACC-1
1012,SC53.CCAGCGAGTGCTAGCC-1
1013,SC53.CCAGCGATCACGGTTA-1
1014,SC53.CCATGTCAGACGCTTT-1
1015,SC53.CCATGTCAGGGCTTGA-1
1016,SC53.CCATGTCGTAAGGATT-1
1017,SC53.CCATGTCGTGTTTGGT-1
1018,SC53.CCATGTCGTTCAGTAC-1
1019,SC53.CCATGTCGTTGATTGC-1
1020,SC53.CCATGTCTCCCTCAGT-1
1021,SC53.CCATTCGAGACTGTAA-1
1022,SC53.CCATTCGAGATATGGT-1
1023,SC53.CCATTCGAGCCCAGCT-1
1024,SC53.CCATTCGCAGCTGTGC-1
1025,SC53.CCATTCGCATAGACTC-1
1026,SC53.CCATTCGCATGGTCAT-1
1027,SC53.CCATTCGGTCTTCGTC-1
1028,SC53.CCATTCGGTTAGTGGG-1
1029,SC53.CCCAATCAGAAGGACA-1
1030,SC53.CCCAATCAGGTGTTAA-1
1031,SC53.CCCAATCCATCGATTG-1
1032,SC53.CCCAATCGTCAAAGAT-1
1033,SC53.CCCAATCGTCTTGATG-1
1034,SC53.CCCAATCTCCAATGGT-1
1035,SC53.CCCAATCTCCACGACG-1
1036,SC53.CCCAATCTCGTCCAGG-1
1037,SC53.CCCAGTTTCCGTAGGC-1
1038,SC53.CCCAGTTTCGTTGCCT-1
1039,SC53.CCCATACAGGATTCGG-1
1040,SC53.CCCATACGTACCCAAT-1
1041,SC53.CCCATACGTCTACCTC-1
1042,SC53.CCCTCCTCAACTGCTA-1
1043,SC53.CCGGGATAGACCGGAT-1
1044,SC53.CCGGGATCACACGCTG-1
1045,SC53.CCGGGATTCAACACAC-1
1046,SC53.CCGGTAGAGAAGAAGC-1
1047,SC53.CCGGTAGAGGCGTACA-1
1048,SC53.CCGGTAGAGTAGGTGC-1
1049,SC53.CCGGTAGCAAGGTTCT-1
1050,SC53.CCGGTAGCAATAGCAA-1
1051,SC53.CCGGTAGCAGCCTTGG-1
1052,SC53.CCGGTAGGTCAATGTC-1
1053,SC53.CCGGTAGGTTCCCGAG-1
1054,SC53.CCGTACTAGAATGTTG-1
1055,SC53.CCGTACTAGACACGAC-1
1056,SC53.CCGTACTAGCAATATG-1
1057,SC53.CCGTACTAGTCCCACG-1
1058,SC53.CCGTACTAGTGTTGAA-1
1059,SC53.CCGTACTCAAGAAAGG-1
1060,SC53.CCGTACTCACCAGGTC-1
1061,SC53.CCGTACTCATGACGGA-1
1062,SC53.CCGTACTTCAGTACGT-1
1063,SC53.CCGTACTTCTTCAACT-1
1064,SC53.CCGTGGAAGCGTGTCC-1
1065,SC53.CCGTGGAAGTTTGCGT-1
1066,SC53.CCGTGGACATTAACCG-1
1067,SC53.CCGTGGAGTCAGATAA-1
1068,SC53.CCGTGGAGTCGGCACT-1
1069,SC53.CCGTGGATCAACCAAC-1
1070,SC53.CCGTGGATCTGTACGA-1
1071,SC53.CCGTTCAAGCCAGGAT-1
1072,SC53.CCGTTCAAGCTACCGC-1
1073,SC53.CCGTTCACACTTCTGC-1
1074,SC53.CCGTTCACAGCTGCAC-1
1075,SC53.CCGTTCATCGCCAAAT-1
1076,SC53.CCGTTCATCTCTGCTG-1
1077,SC53.CCGTTCATCTTGCAAG-1
1078,SC53.CCTAAAGAGACTCGGA-1
1079,SC53.CCTAAAGAGCGAAGGG-1
1080,SC53.CCTAAAGAGTACGACG-1
1081,SC53.CCTAAAGCACGGACAA-1
1082,SC53.CCTAAAGCATCGACGC-1
1083,SC53.CCTAAAGTCGGAAATA-1
1084,SC53.CCTAAAGTCTAACTTC-1
1085,SC53.CCTAAAGTCTCGTTTA-1
1086,SC53.CCTACACAGCTAAACA-1
1087,SC53.CCTACACCAAAGTGCG-1
1088,SC53.CCTACACCAGGATTGG-1
1089,SC53.CCTACACCATATACCG-1
1090,SC53.CCTACACGTTACGTCA-1
1091,SC53.CCTACACTCGGTTAAC-1
1092,SC53.CCTACACTCGGTTCGG-1
1093,SC53.CCTACCAAGTGTTTGC-1
1094,SC53.CCTACCACAATCTACG-1
1095,SC53.CCTACCACACTGAAGG-1
1096,SC53.CCTACCACATCCTAGA-1
1097,SC53.CCTACCACATTCTTAC-1
1098,SC53.CCTAGCTAGAGGTTAT-1
1099,SC53.CCTAGCTAGCCTATGT-1
1100,SC53.CCTAGCTAGCGTTTAC-1
1101,SC53.CCTAGCTCACGAAACG-1
1102,SC53.CCTAGCTCAGACTCGC-1
1103,SC53.CCTAGCTTCCCGACTT-1
1104,SC53.CCTAGCTTCGTCGTTC-1
1105,SC53.CCTAGCTTCTATGTGG-1
1106,SC53.CCTATTAAGATGCCTT-1
1107,SC53.CCTATTAAGATGTGGC-1
1108,SC53.CCTATTAAGCTCCTCT-1
1109,SC53.CCTATTACAGTACACT-1
1110,SC53.CCTATTAGTATATGGA-1
1111,SC53.CCTATTATCAACGCTA-1
1112,SC53.CCTATTATCATGCTCC-1
1113,SC53.CCTCAGTAGCGTTGCC-1
1114,SC53.CCTCAGTCAGCTCCGA-1
1115,SC53.CCTCAGTGTTATTCTC-1
1116,SC53.CCTCAGTTCAACACCA-1
1117,SC53.CCTCTGAAGAAGATTC-1
1118,SC53.CCTCTGAAGAAGGGTA-1
1119,SC53.CCTCTGAAGCGTAATA-1
1120,SC53.CCTCTGAGTCTCATCC-1
1121,SC53.CCTCTGAGTGTAAGTA-1
1122,SC53.CCTCTGATCATGGTCA-1
1123,SC53.CCTCTGATCCTTGCCA-1
1124,SC53.CCTCTGATCTCCGGTT-1
1125,SC53.CCTCTGATCTGGTTCC-1
1126,SC53.CCTTACGCACCGATAT-1
1127,SC53.CCTTACGCAGGATTGG-1
1128,SC53.CCTTCCCAGATATGGT-1
1129,SC53.CCTTCCCAGGCAGGTT-1
1130,SC53.CCTTCCCCAATGGAAT-1
1131,SC53.CCTTCCCCAGATTGCT-1
1132,SC53.CCTTCCCCATGGTTGT-1
1133,SC53.CCTTCCCCATTGGGCC-1
1134,SC53.CCTTCCCTCAGCTCTC-1
1135,SC53.CCTTCCCTCCGGGTGT-1
1136,SC53.CCTTCCCTCGCAAGCC-1
1137,SC53.CCTTCGAAGGGCTTGA-1
1138,SC53.CCTTCGACAGGAATCG-1
1139,SC53.CCTTCGAGTCCATCCT-1
1140,SC53.CCTTCGATCCGTTGCT-1
1141,SC53.CCTTCGATCCTCATTA-1
1142,SC53.CCTTCGATCCTCCTAG-1
1143,SC53.CCTTCGATCGACGGAA-1
1144,SC53.CCTTCGATCGCAGGCT-1
1145,SC53.CCTTTCTAGAGTTGGC-1
1146,SC53.CCTTTCTAGATCCCAT-1
1147,SC53.CCTTTCTCAAACCTAC-1
1148,SC53.CCTTTCTCACTACAGT-1
1149,SC53.CCTTTCTCATGCCACG-1
1150,SC53.CGAACATAGGAGCGAG-1
1151,SC53.CGAACATAGTAGCCGA-1
1152,SC53.CGAACATCACCAACCG-1
1153,SC53.CGAACATCACCGCTAG-1
1154,SC53.CGAACATCATATGGTC-1
1155,SC53.CGAACATCATGCCACG-1
1156,SC53.CGAACATGTAGCGCTC-1
1157,SC53.CGAACATGTAGCTAAA-1
1158,SC53.CGAATGTAGATGCGAC-1
1159,SC53.CGAATGTCAATCCAAC-1
1160,SC53.CGAATGTCACGCATCG-1
1161,SC53.CGAATGTCAGTCTTCC-1
1162,SC53.CGAATGTTCATGTCCC-1
1163,SC53.CGAATGTTCGGCGCAT-1
1164,SC53.CGAATGTTCTCCGGTT-1
1165,SC53.CGAATGTTCTCTGTCG-1
1166,SC53.CGACCTTCATGCTGGC-1
1167,SC53.CGACCTTCATGTAAGA-1
1168,SC53.CGACCTTGTCATATCG-1
1169,SC53.CGACCTTGTGCCTTGG-1
1170,SC53.CGACCTTGTTCCGTCT-1
1171,SC53.CGACCTTTCAGTGTTG-1
1172,SC53.CGACCTTTCCGTAGTA-1
1173,SC53.CGACCTTTCGCCATAA-1
1174,SC53.CGACCTTTCGTAGGTT-1
1175,SC53.CGACCTTTCTACGAGT-1
1176,SC53.CGACTTCAGAGAACAG-1
1177,SC53.CGACTTCAGCACCGTC-1
1178,SC53.CGACTTCAGCGCCTTG-1
1179,SC53.CGACTTCCAAAGGCGT-1
1180,SC53.CGACTTCCAAGCTGGA-1
1181,SC53.CGACTTCCACAACTGT-1
1182,SC53.CGACTTCGTGCGCTTG-1
1183,SC53.CGACTTCTCGGAATCT-1
1184,SC53.CGAGAAGAGAACAATC-1
1185,SC53.CGAGAAGAGACAAGCC-1
1186,SC53.CGAGAAGAGACACTAA-1
1187,SC53.CGAGAAGCAAGGTTCT-1
1188,SC53.CGAGAAGCACCGCTAG-1
1189,SC53.CGAGAAGCACCGTTGG-1
1190,SC53.CGAGAAGCAGGGTACA-1
1191,SC53.CGAGAAGTCTGAAAGA-1
1192,SC53.CGAGCACAGAGCTTCT-1
1193,SC53.CGAGCACAGTTGAGAT-1
1194,SC53.CGAGCACGTACAGTTC-1
1195,SC53.CGAGCACGTTCGGGCT-1
1196,SC53.CGAGCACTCACTCCTG-1
1197,SC53.CGAGCACTCATGCAAC-1
1198,SC53.CGAGCACTCCCAAGTA-1
1199,SC53.CGAGCACTCGCACTCT-1
1200,SC53.CGAGCCACATAGAAAC-1
1201,SC53.CGAGCCAGTGGTCCGT-1
1202,SC53.CGAGCCAGTTACGCGC-1
1203,SC53.CGAGCCATCAATAAGG-1
1204,SC53.CGATCGGAGCACAGGT-1
1205,SC53.CGATCGGAGTGCCATT-1
1206,SC53.CGATCGGCAGAGTGTG-1
1207,SC53.CGATCGGCATGCTAGT-1
1208,SC53.CGATCGGGTTCCGTCT-1
1209,SC53.CGATCGGTCCACGCAG-1
1210,SC53.CGATCGGTCCTAGAAC-1
1211,SC53.CGATCGGTCGCGGATC-1
1212,SC53.CGATCGGTCTTGAGAC-1
1213,SC53.CGATCGGTCTTTACGT-1
1214,SC53.CGATGGCAGTGCGTGA-1
1215,SC53.CGATGGCCAGTGGAGT-1
1216,SC53.CGATGGCTCCGGCACA-1
1217,SC53.CGATGTAAGCGTCTAT-1
1218,SC53.CGATGTAGTAGGAGTC-1
1219,SC53.CGATGTAGTGCTGTAT-1
1220,SC53.CGATGTATCCCAACGG-1
1221,SC53.CGATGTATCTCCCTGA-1
1222,SC53.CGATGTATCTGCGTAA-1
1223,SC53.CGATTGACAAACCCAT-1
1224,SC53.CGATTGACATTACCTT-1
1225,SC53.CGATTGAGTCGAGTTT-1
1226,SC53.CGATTGAGTCGTTGTA-1
1227,SC53.CGATTGAGTGTAACGG-1
1228,SC53.CGATTGAGTTGCCTCT-1
1229,SC53.CGATTGATCAAACAAG-1
1230,SC53.CGATTGATCGTCTGAA-1
1231,SC53.CGCCAAGAGAAGGCCT-1
1232,SC53.CGCCAAGAGTGGGATC-1
1233,SC53.CGCCAAGCAATACGCT-1
1234,SC53.CGCCAAGGTCTAGTCA-1
1235,SC53.CGCCAAGTCGAATCCA-1
1236,SC53.CGCGGTAAGGTAGCTG-1
1237,SC53.CGCGGTACACGGTAGA-1
1238,SC53.CGCGGTACAGCTTAAC-1
1239,SC53.CGCGGTAGTATGGTTC-1
1240,SC53.CGCGGTATCCCAACGG-1
1241,SC53.CGCGTTTAGAGGTTAT-1
1242,SC53.CGCGTTTAGGGTCGAT-1
1243,SC53.CGCGTTTAGTGACTCT-1
1244,SC53.CGCGTTTCACGTTGGC-1
1245,SC53.CGCGTTTCAGGCGATA-1
1246,SC53.CGCGTTTGTCACCCAG-1
1247,SC53.CGCGTTTGTGGCAAAC-1
1248,SC53.CGCGTTTTCAGTTGAC-1
1249,SC53.CGCGTTTTCCGTCAAA-1
1250,SC53.CGCGTTTTCTTATCTG-1
1251,SC53.CGCTATCAGATCTGAA-1
1252,SC53.CGCTATCGTACCCAAT-1
1253,SC53.CGCTATCGTACCTACA-1
1254,SC53.CGCTATCGTTCGAATC-1
1255,SC53.CGCTATCTCTCTTGAT-1
1256,SC53.CGCTGGAAGAAGCCCA-1
1257,SC53.CGCTGGAAGGCAATTA-1
1258,SC53.CGCTGGACACTCAGGC-1
1259,SC53.CGCTGGACAGCTGTGC-1
1260,SC53.CGCTGGACAGCTGTTA-1
1261,SC53.CGCTGGAGTAAGCACG-1
1262,SC53.CGCTGGAGTAGAAAGG-1
1263,SC53.CGCTGGAGTTACCGAT-1
1264,SC53.CGCTGGATCGGCGCTA-1
1265,SC53.CGCTGGATCTGACCTC-1
1266,SC53.CGCTGGATCTTCCTTC-1
1267,SC53.CGCTTCAAGGCCATAG-1
1268,SC53.CGCTTCAGTGAAGGCT-1
1269,SC53.CGCTTCAGTTCTGGTA-1
1270,SC53.CGGACACCACGCGAAA-1
1271,SC53.CGGACACCAGCTGTAT-1
1272,SC53.CGGACACCAGTTCATG-1
1273,SC53.CGGACACGTAGGCTGA-1
1274,SC53.CGGACACGTTCCGTCT-1
1275,SC53.CGGACACTCAGGCCCA-1
1276,SC53.CGGACACTCCCATTTA-1
1277,SC53.CGGACACTCCTCGCAT-1
1278,SC53.CGGACACTCTGAGTGT-1
1279,SC53.CGGACACTCTTCTGGC-1
1280,SC53.CGGACGTAGTGCAAGC-1
1281,SC53.CGGACGTCAATGCCAT-1
1282,SC53.CGGACGTGTCGAGATG-1
1283,SC53.CGGACGTGTGGACGAT-1
1284,SC53.CGGACGTGTTTCGCTC-1
1285,SC53.CGGACGTTCAGGCGAA-1
1286,SC53.CGGACGTTCCTTAATC-1
1287,SC53.CGGACGTTCTGCAAGT-1
1288,SC53.CGGACTGGTACTCAAC-1
1289,SC53.CGGACTGTCGTCGTTC-1
1290,SC53.CGGAGCTAGAGGGCTT-1
1291,SC53.CGGAGCTAGCAGGTCA-1
1292,SC53.CGGAGCTAGGCATGTG-1
1293,SC53.CGGAGCTAGTAATCCC-1
1294,SC53.CGGAGCTCAAGAGGCT-1
1295,SC53.CGGAGCTCATGCCACG-1
1296,SC53.CGGAGTCAGCTACCGC-1
1297,SC53.CGGAGTCAGGCTCATT-1
1298,SC53.CGGAGTCGTGTTTGGT-1
1299,SC53.CGGAGTCGTTCGAATC-1
1300,SC53.CGGAGTCTCATGTCTT-1
1301,SC53.CGGAGTCTCCCAAGTA-1
1302,SC53.CGGAGTCTCTGAGGGA-1
1303,SC53.CGGCTAGGTAGCTGCC-1
1304,SC53.CGGCTAGGTCTAGTGT-1
1305,SC53.CGGCTAGGTGAACCTT-1
1306,SC53.CGGCTAGTCTGGGCCA-1
1307,SC53.CGGGTCAAGAAGGTGA-1
1308,SC53.CGGGTCAAGATGAGAG-1
1309,SC53.CGGGTCACACGAGAGT-1
1310,SC53.CGGGTCAGTTAGGGTG-1
1311,SC53.CGGGTCAGTTGTTTGG-1
1312,SC53.CGGGTCATCAGGTTCA-1
1313,SC53.CGGGTCATCTTGTACT-1
1314,SC53.CGGTTAAAGAATAGGG-1
1315,SC53.CGGTTAACACGGTAGA-1
1316,SC53.CGGTTAACATTAGGCT-1
1317,SC53.CGTAGCGAGCCAGTAG-1
1318,SC53.CGTAGCGAGTCCTCCT-1
1319,SC53.CGTAGCGCATACCATG-1
1320,SC53.CGTAGCGGTCATGCAT-1
1321,SC53.CGTAGCGGTCTAGCGC-1
1322,SC53.CGTAGCGTCAAACAAG-1
1323,SC53.CGTAGGCAGAATCTCC-1
1324,SC53.CGTAGGCCACCAGGCT-1
1325,SC53.CGTAGGCCATTAGCCA-1
1326,SC53.CGTAGGCGTCCCGACA-1
1327,SC53.CGTAGGCTCAGCCTAA-1
1328,SC53.CGTAGGCTCTTCATGT-1
1329,SC53.CGTAGGCTCTTGCATT-1
1330,SC53.CGTCACTCACCAACCG-1
1331,SC53.CGTCACTCAGTTCATG-1
1332,SC53.CGTCACTGTCCAGTGC-1
1333,SC53.CGTCACTGTTACGACT-1
1334,SC53.CGTCACTTCAATACCG-1
1335,SC53.CGTCACTTCCGCGTTT-1
1336,SC53.CGTCACTTCCTGCCAT-1
1337,SC53.CGTCACTTCTGAGGGA-1
1338,SC53.CGTCAGGAGACGCACA-1
1339,SC53.CGTCAGGAGGTGCAAC-1
1340,SC53.CGTCAGGCAACGATGG-1
1341,SC53.CGTCAGGCAGCGATCC-1
1342,SC53.CGTCAGGCATTATCTC-1
1343,SC53.CGTCAGGGTGACGGTA-1
1344,SC53.CGTCAGGGTTACGCGC-1
1345,SC53.CGTCAGGTCCAATGGT-1
1346,SC53.CGTCCATAGACACTAA-1
1347,SC53.CGTCCATAGGTGTTAA-1
1348,SC53.CGTCCATCAATGCCAT-1
1349,SC53.CGTCCATGTAGTGAAT-1
1350,SC53.CGTCCATTCGAATCCA-1
1351,SC53.CGTCTACAGGCAAAGA-1
1352,SC53.CGTCTACCAGACAAGC-1
1353,SC53.CGTCTACGTAGAGTGC-1
1354,SC53.CGTCTACGTCGCTTCT-1
1355,SC53.CGTCTACTCAACACTG-1
1356,SC53.CGTCTACTCTTCTGGC-1
1357,SC53.CGTGAGCAGGTAAACT-1
1358,SC53.CGTGAGCGTAACGTTC-1
1359,SC53.CGTGAGCGTTTGGGCC-1
1360,SC53.CGTGAGCTCAATACCG-1
1361,SC53.CGTGAGCTCGTACGGC-1
1362,SC53.CGTGAGCTCTTATCTG-1
1363,SC53.CGTGTAAAGCGAAGGG-1
1364,SC53.CGTGTAAGTCACACGC-1
1365,SC53.CGTGTAAGTCGGCTCA-1
1366,SC53.CGTGTAATCATCTGTT-1
1367,SC53.CGTGTAATCATGCTCC-1
1368,SC53.CGTGTAATCGAATGCT-1
1369,SC53.CGTGTCTAGTGCGATG-1
1370,SC53.CGTGTCTCAGTACACT-1
1371,SC53.CGTGTCTGTACGAAAT-1
1372,SC53.CGTGTCTGTCAGAAGC-1
1373,SC53.CGTGTCTGTTTGGGCC-1
1374,SC53.CGTGTCTTCTGATTCT-1
1375,SC53.CGTTAGAAGGGTCGAT-1
1376,SC53.CGTTAGACAAGTTGTC-1
1377,SC53.CGTTAGACACTACAGT-1
1378,SC53.CGTTAGACATTAGCCA-1
1379,SC53.CGTTAGAGTACCCAAT-1
1380,SC53.CGTTAGATCCTGCTTG-1
1381,SC53.CGTTAGATCGGAAACG-1
1382,SC53.CGTTAGATCGGATGGA-1
1383,SC53.CGTTCTGAGGTTCCTA-1
1384,SC53.CGTTCTGCACCTCGGA-1
1385,SC53.CGTTCTGGTGAAGGCT-1
1386,SC53.CGTTGGGAGTAGGCCA-1
1387,SC53.CGTTGGGCACAGACTT-1
1388,SC53.CGTTGGGCACCACCAG-1
1389,SC53.CGTTGGGTCATACGGT-1
1390,SC53.CGTTGGGTCATTCACT-1
1391,SC53.CGTTGGGTCGTGGACC-1
1392,SC53.CTAACTTAGGGTGTGT-1
1393,SC53.CTAACTTAGTAATCCC-1
1394,SC53.CTAACTTCACTAGTAC-1
1395,SC53.CTAACTTCAGGGCATA-1
1396,SC53.CTAACTTGTTCTGTTT-1
1397,SC53.CTAACTTTCCGCAGTG-1
1398,SC53.CTAAGACAGGATATAC-1
1399,SC53.CTAAGACCAGATGAGC-1
1400,SC53.CTAAGACCAGCGAACA-1
1401,SC53.CTAAGACGTCTCTCGT-1
1402,SC53.CTAAGACTCAGGTAAA-1
1403,SC53.CTAAGACTCCGTCATC-1
1404,SC53.CTAATGGAGGCTCTTA-1
1405,SC53.CTAATGGAGTCAAGGC-1
1406,SC53.CTAATGGAGTGTACTC-1
1407,SC53.CTAATGGAGTGTCCAT-1
1408,SC53.CTAATGGCAATCCGAT-1
1409,SC53.CTAATGGCAATGACCT-1
1410,SC53.CTAATGGCATGGATGG-1
1411,SC53.CTAATGGGTACCTACA-1
1412,SC53.CTAATGGGTCAGCTAT-1
1413,SC53.CTAATGGGTGAGGGAG-1
1414,SC53.CTAATGGGTTCCACAA-1
1415,SC53.CTAATGGGTTGACGTT-1
1416,SC53.CTAATGGTCAAACGGG-1
1417,SC53.CTACACCAGTTCGCAT-1
1418,SC53.CTACACCCAAACGTGG-1
1419,SC53.CTACACCGTAAACGCG-1
1420,SC53.CTACACCTCCGAGCCA-1
1421,SC53.CTACACCTCTGCTGCT-1
1422,SC53.CTACATTCACCGCTAG-1
1423,SC53.CTACATTCAGGCAGTA-1
1424,SC53.CTACATTCATCCGTGG-1
1425,SC53.CTACATTGTTATCCGA-1
1426,SC53.CTACCCAAGCGCCTCA-1
1427,SC53.CTACCCAAGCTAGTTC-1
1428,SC53.CTACCCAAGTGTTGAA-1
1429,SC53.CTACCCACAGTAACGG-1
1430,SC53.CTACCCACATTTGCCC-1
1431,SC53.CTACCCAGTACACCGC-1
1432,SC53.CTACCCAGTCGCCATG-1
1433,SC53.CTACCCAGTTACGTCA-1
1434,SC53.CTACCCATCAAAGACA-1
1435,SC53.CTACGTCAGCGTGAGT-1
1436,SC53.CTACGTCAGCTCTCGG-1
1437,SC53.CTACGTCAGGTGCAAC-1
1438,SC53.CTACGTCTCAATCTCT-1
1439,SC53.CTACGTCTCAGGCGAA-1
1440,SC53.CTAGAGTAGAAGGTTT-1
1441,SC53.CTAGAGTTCCAGGGCT-1
1442,SC53.CTAGAGTTCCCAGGTG-1
1443,SC53.CTAGAGTTCTGACCTC-1
1444,SC53.CTAGCCTAGACTAAGT-1
1445,SC53.CTAGCCTAGATATGGT-1
1446,SC53.CTAGCCTGTACCGCTG-1
1447,SC53.CTAGCCTTCACCTTAT-1
1448,SC53.CTAGCCTTCCTGTACC-1
1449,SC53.CTAGTGAAGATGCGAC-1
1450,SC53.CTAGTGAAGGACCACA-1
1451,SC53.CTAGTGACAGATGAGC-1
1452,SC53.CTAGTGAGTATAGGGC-1
1453,SC53.CTAGTGATCCAACCAA-1
1454,SC53.CTAGTGATCTGCTGTC-1
1455,SC53.CTCACACAGAATTGTG-1
1456,SC53.CTCACACAGAGCTGGT-1
1457,SC53.CTCACACCACTCGACG-1
1458,SC53.CTCACACCATCCAACA-1
1459,SC53.CTCACACGTATCAGTC-1
1460,SC53.CTCACACGTGTGACGA-1
1461,SC53.CTCACACGTTGAGTTC-1
1462,SC53.CTCAGAAAGATATGGT-1
1463,SC53.CTCAGAAAGGGCTCTC-1
1464,SC53.CTCAGAAGTCATCGGC-1
1465,SC53.CTCAGAAGTCTGGAGA-1
1466,SC53.CTCAGAAGTTCTCATT-1
1467,SC53.CTCAGAAGTTGTCTTT-1
1468,SC53.CTCAGAATCAGCTCGG-1
1469,SC53.CTCAGAATCAGTTAGC-1
1470,SC53.CTCAGAATCGAATGCT-1
1471,SC53.CTCATTAAGATCACGG-1
1472,SC53.CTCATTACAACTGCGC-1
1473,SC53.CTCATTAGTCATCGGC-1
1474,SC53.CTCATTAGTTCACGGC-1
1475,SC53.CTCATTAGTTTGACTG-1
1476,SC53.CTCCTAGAGCTGGAAC-1
1477,SC53.CTCCTAGCAACGCACC-1
1478,SC53.CTCCTAGCAAGCGTAG-1
1479,SC53.CTCCTAGCACACTGCG-1
1480,SC53.CTCCTAGGTCAGAAGC-1
1481,SC53.CTCCTAGGTTCGGGCT-1
1482,SC53.CTCCTAGTCCTAGAAC-1
1483,SC53.CTCGAAAGTATGGTTC-1
1484,SC53.CTCGAAAGTGACAAAT-1
1485,SC53.CTCGAAATCGTCGTTC-1
1486,SC53.CTCGAAATCTGCAGTA-1
1487,SC53.CTCGAGGAGATGCCTT-1
1488,SC53.CTCGAGGCAGCATGAG-1
1489,SC53.CTCGAGGCATTGGTAC-1
1490,SC53.CTCGAGGTCGCAGGCT-1
1491,SC53.CTCGAGGTCTTATCTG-1
1492,SC53.CTCGGAGAGGGATACC-1
1493,SC53.CTCGGAGAGGGCATGT-1
1494,SC53.CTCGGAGCAAGGACAC-1
1495,SC53.CTCGGAGCACCCATTC-1
1496,SC53.CTCGGAGCACGAAGCA-1
1497,SC53.CTCGGAGGTCTCCACT-1
1498,SC53.CTCGGAGGTTACCAGT-1
1499,SC53.CTCGGAGGTTCCACTC-1
1500,SC53.CTCGGAGTCAGGATCT-1
1501,SC53.CTCGGAGTCTGTACGA-1
1502,SC53.CTCGGGAAGCTGAAAT-1
1503,SC53.CTCGGGAAGGGTTCCC-1
1504,SC53.CTCGGGAGTAGTAGTA-1
1505,SC53.CTCGGGATCTAACGGT-1
1506,SC53.CTCGTACAGAGTCGGT-1
1507,SC53.CTCGTACAGCCACGCT-1
1508,SC53.CTCGTACCAAGGACTG-1
1509,SC53.CTCGTACGTCCAGTGC-1
1510,SC53.CTCGTACTCTCGATGA-1
1511,SC53.CTCGTCACACTTCGAA-1
1512,SC53.CTCGTCAGTCAAACTC-1
1513,SC53.CTCGTCATCGCTTGTC-1
1514,SC53.CTCTAATAGACTTTCG-1
1515,SC53.CTCTAATAGTATCGAA-1
1516,SC53.CTCTAATCATCTCGCT-1
1517,SC53.CTCTAATGTCCCTTGT-1
1518,SC53.CTCTAATTCACTTATC-1
1519,SC53.CTCTAATTCGCCGTGA-1
1520,SC53.CTCTACGCAACGCACC-1
1521,SC53.CTCTACGCATGCCTTC-1
1522,SC53.CTCTACGCATTACCTT-1
1523,SC53.CTCTGGTAGACGCACA-1
1524,SC53.CTCTGGTAGCGATTCT-1
1525,SC53.CTCTGGTAGTGACATA-1
1526,SC53.CTCTGGTGTACCATCA-1
1527,SC53.CTCTGGTTCAACTCTT-1
1528,SC53.CTCTGGTTCCTTGGTC-1
1529,SC53.CTCTGGTTCTATCGCC-1
1530,SC53.CTCTGGTTCTGCGGCA-1
1531,SC53.CTGAAACAGTCGCCGT-1
1532,SC53.CTGAAACTCCGCGCAA-1
1533,SC53.CTGAAACTCGCGCCAA-1
1534,SC53.CTGAAGTAGACAAAGG-1
1535,SC53.CTGAAGTAGAGCTGCA-1
1536,SC53.CTGAAGTAGTGGGATC-1
1537,SC53.CTGAAGTGTGTAACGG-1
1538,SC53.CTGAAGTGTTCTGGTA-1
1539,SC53.CTGAAGTTCACCACCT-1
1540,SC53.CTGAAGTTCTTACCGC-1
1541,SC53.CTGATAGAGGCAGTCA-1
1542,SC53.CTGATAGCAGGCGATA-1
1543,SC53.CTGATAGGTAGGGTAC-1
1544,SC53.CTGATAGGTGGTCCGT-1
1545,SC53.CTGATAGTCGAGGTAG-1
1546,SC53.CTGATCCAGGCTCTTA-1
1547,SC53.CTGATCCAGTGACTCT-1
1548,SC53.CTGATCCCAATGCCAT-1
1549,SC53.CTGCCTAAGAAGATTC-1
1550,SC53.CTGCCTAGTCTGCCAG-1
1551,SC53.CTGCCTATCATCACCC-1
1552,SC53.CTGCCTATCCAGAAGG-1
1553,SC53.CTGCCTATCCGTAGGC-1
1554,SC53.CTGCGGAAGACTCGGA-1
1555,SC53.CTGCGGACAAAGTCAA-1
1556,SC53.CTGCGGACAAGGGTCA-1
1557,SC53.CTGCGGACATGTCGAT-1
1558,SC53.CTGCGGAGTTCTGAAC-1
1559,SC53.CTGCGGATCGACGGAA-1
1560,SC53.CTGCTGTAGTCCTCCT-1
1561,SC53.CTGCTGTCACAACGTT-1
1562,SC53.CTGCTGTCACCGGAAA-1
1563,SC53.CTGCTGTCAGCTGCTG-1
1564,SC53.CTGCTGTGTCTTTCAT-1
1565,SC53.CTGCTGTGTGCGCTTG-1
1566,SC53.CTGCTGTGTTCATGGT-1
1567,SC53.CTGCTGTTCCACTGGG-1
1568,SC53.CTGCTGTTCGCTTGTC-1
1569,SC53.CTGGTCTAGGATCGCA-1
1570,SC53.CTGGTCTAGGTGCTAG-1
1571,SC53.CTGGTCTGTACTTGAC-1
1572,SC53.CTGGTCTGTGTGACGA-1
1573,SC53.CTGGTCTGTTAAGTAG-1
1574,SC53.CTGTGCTAGCTAACAA-1
1575,SC53.CTGTGCTCAAGGGTCA-1
1576,SC53.CTGTGCTGTAGTACCT-1
1577,SC53.CTGTGCTTCCTATGTT-1
1578,SC53.CTGTGCTTCGACGGAA-1
1579,SC53.CTGTTTAAGAAGAAGC-1
1580,SC53.CTGTTTAAGAGTACAT-1
1581,SC53.CTGTTTAAGTCGAGTG-1
1582,SC53.CTGTTTACATACGCTA-1
1583,SC53.CTGTTTAGTGTTAAGA-1
1584,SC53.CTGTTTATCGAATGCT-1
1585,SC53.CTTAACTAGAAGGCCT-1
1586,SC53.CTTAACTAGCGATGAC-1
1587,SC53.CTTAACTAGCGCTTAT-1
1588,SC53.CTTAACTGTCCCTTGT-1
1589,SC53.CTTAACTGTCTGCAAT-1
1590,SC53.CTTAACTTCTCGATGA-1
1591,SC53.CTTACCGCAATAAGCA-1
1592,SC53.CTTACCGCACCTTGTC-1
1593,SC53.CTTACCGCAGCCAGAA-1
1594,SC53.CTTACCGGTACGACCC-1
1595,SC53.CTTACCGGTCGGGTCT-1
1596,SC53.CTTACCGTCAGCTGGC-1
1597,SC53.CTTACCGTCGGTCTAA-1
1598,SC53.CTTAGGAAGAGTAAGG-1
1599,SC53.CTTAGGAAGGGTTCCC-1
1600,SC53.CTTAGGAAGTGTACCT-1
1601,SC53.CTTAGGAAGTTAAGTG-1
1602,SC53.CTTAGGACACATCCGG-1
1603,SC53.CTTAGGACACCACGTG-1
1604,SC53.CTTAGGACAGTACACT-1
1605,SC53.CTTAGGACATGTCGAT-1
1606,SC53.CTTAGGATCGTCCAGG-1
1607,SC53.CTTCTCTAGAAGATTC-1
1608,SC53.CTTCTCTAGATAGCAT-1
1609,SC53.CTTCTCTAGGAGTCTG-1
1610,SC53.CTTCTCTAGTCACGCC-1
1611,SC53.CTTCTCTAGTGGTAAT-1
1612,SC53.CTTCTCTCACAGCCCA-1
1613,SC53.CTTCTCTGTCATACTG-1
1614,SC53.CTTCTCTTCTGGTATG-1
1615,SC53.CTTGGCTAGTGTTTGC-1
1616,SC53.CTTGGCTCACCATCCT-1
1617,SC53.CTTTGCGGTAGATTAG-1
1618,SC53.CTTTGCGTCTGTCAAG-1
1619,SC53.GAAACTCAGATCTGAA-1
1620,SC53.GAAACTCAGATGGCGT-1
1621,SC53.GAAACTCAGGGCTTCC-1
1622,SC53.GAAACTCAGGGTGTTG-1
1623,SC53.GAAACTCAGTGGGCTA-1
1624,SC53.GAAACTCCAAGTAATG-1
1625,SC53.GAAACTCCACTCAGGC-1
1626,SC53.GAAACTCCAGGAACGT-1
1627,SC53.GAAACTCGTGTATGGG-1
1628,SC53.GAAACTCGTTACGCGC-1
1629,SC53.GAAACTCTCATGCAAC-1
1630,SC53.GAAACTCTCTCTAGGA-1
1631,SC53.GAAACTCTCTGCGGCA-1
1632,SC53.GAAATGAAGACAAAGG-1
1633,SC53.GAAATGACAAAGGTGC-1
1634,SC53.GAAATGAGTAGCTTGT-1
1635,SC53.GAAATGAGTCCGTCAG-1
1636,SC53.GAAATGATCGCAGGCT-1
1637,SC53.GAAATGATCTCCGGTT-1
1638,SC53.GAACATCAGAAGCCCA-1
1639,SC53.GAACATCAGATGTGGC-1
1640,SC53.GAACATCAGGCCCTCA-1
1641,SC53.GAACATCAGTCCGGTC-1
1642,SC53.GAACATCCAGCTGCAC-1
1643,SC53.GAACATCGTGGTAACG-1
1644,SC53.GAACATCTCACTGGGC-1
1645,SC53.GAACATCTCGTTTATC-1
1646,SC53.GAACCTAAGCGATATA-1
1647,SC53.GAACCTACACTGCCAG-1
1648,SC53.GAACCTACAGCTGTAT-1
1649,SC53.GAACCTAGTTACAGAA-1
1650,SC53.GAACCTAGTTCGCGAC-1
1651,SC53.GAACCTATCCAAGTAC-1
1652,SC53.GAACGGAAGCCACCTG-1
1653,SC53.GAACGGAAGGAGTTGC-1
1654,SC53.GAACGGAAGTAAGTAC-1
1655,SC53.GAACGGAGTCACTGGC-1
1656,SC53.GAACGGAGTGATGCCC-1
1657,SC53.GAACGGAGTGTTGAGG-1
1658,SC53.GAACGGAGTTTAGGAA-1
1659,SC53.GAACGGATCCTAGGGC-1
1660,SC53.GAAGCAGAGACAATAC-1
1661,SC53.GAAGCAGAGCGTAGTG-1
1662,SC53.GAAGCAGCAAGCTGGA-1
1663,SC53.GAAGCAGCACCGGAAA-1
1664,SC53.GAAGCAGCATGTCGAT-1
1665,SC53.GAAGCAGGTCCAGTGC-1
1666,SC53.GAAGCAGTCAAGGCTT-1
1667,SC53.GAAGCAGTCCCAAGTA-1
1668,SC53.GAAGCAGTCGAGAGCA-1
1669,SC53.GAAGCAGTCTGGCGAC-1
1670,SC53.GAATAAGAGAGGACGG-1
1671,SC53.GAATAAGAGTCGATAA-1
1672,SC53.GAATAAGCAAACGCGA-1
1673,SC53.GAATAAGCAATTGCTG-1
1674,SC53.GAATAAGCACGGTAGA-1
1675,SC53.GAATAAGGTAAGAGGA-1
1676,SC53.GAATAAGGTCTAAAGA-1
1677,SC53.GAATAAGGTGCTCTTC-1
1678,SC53.GAATAAGGTTAAGGGC-1
1679,SC53.GAATAAGGTTCTGTTT-1
1680,SC53.GAATAAGGTTGATTGC-1
1681,SC53.GAATAAGTCAAACGGG-1
1682,SC53.GAATAAGTCGTAGATC-1
1683,SC53.GAATGAAAGTACGACG-1
1684,SC53.GAATGAAGTATGCTTG-1
1685,SC53.GAATGAAGTGCGAAAC-1
1686,SC53.GACACGCAGATCCGAG-1
1687,SC53.GACACGCAGGGAAACA-1
1688,SC53.GACACGCCAAGAGGCT-1
1689,SC53.GACACGCCAAGTAATG-1
1690,SC53.GACACGCCATCTATGG-1
1691,SC53.GACACGCCATGCTGGC-1
1692,SC53.GACACGCGTCTCTTAT-1
1693,SC53.GACACGCGTTGTGGAG-1
1694,SC53.GACACGCGTTTAGGAA-1
1695,SC53.GACAGAGAGGGATCTG-1
1696,SC53.GACAGAGCAAAGGCGT-1
1697,SC53.GACAGAGCACCCTATC-1
1698,SC53.GACAGAGCACCTGGTG-1
1699,SC53.GACAGAGCAGACGCAA-1
1700,SC53.GACAGAGCATAGTAAG-1
1701,SC53.GACAGAGGTAAATGAC-1
1702,SC53.GACAGAGTCATTGCCC-1
1703,SC53.GACCAATAGGAGTCTG-1
1704,SC53.GACCAATAGGATGGTC-1
1705,SC53.GACCAATTCCTAGGGC-1
1706,SC53.GACCAATTCGCAAACT-1
1707,SC53.GACCTGGAGCGTAATA-1
1708,SC53.GACCTGGCATCCGTGG-1
1709,SC53.GACCTGGGTCCTCTTG-1
1710,SC53.GACCTGGTCGAATCCA-1
1711,SC53.GACCTGGTCTGCCAGG-1
1712,SC53.GACGCGTAGGACTGGT-1
1713,SC53.GACGCGTAGGATGGAA-1
1714,SC53.GACGCGTAGGCTCAGA-1
1715,SC53.GACGCGTAGTGTCCCG-1
1716,SC53.GACGCGTCACCCATGG-1
1717,SC53.GACGCGTGTCCTGCTT-1
1718,SC53.GACGCGTGTCTCCATC-1
1719,SC53.GACGCGTTCAGTTAGC-1
1720,SC53.GACGCGTTCGAGCCCA-1
1721,SC53.GACGCGTTCGTGGGAA-1
1722,SC53.GACGGCTAGTGTACTC-1
1723,SC53.GACGGCTCAGTGACAG-1
1724,SC53.GACGGCTCATCTACGA-1
1725,SC53.GACGGCTGTCTGCAAT-1
1726,SC53.GACGGCTGTGTGACGA-1
1727,SC53.GACGGCTGTTTAGCTG-1
1728,SC53.GACGGCTTCAGGATCT-1
1729,SC53.GACGTGCAGCAGACTG-1
1730,SC53.GACGTGCAGCCACGTC-1
1731,SC53.GACGTGCAGCTCTCGG-1
1732,SC53.GACGTGCAGTACGTTC-1
1733,SC53.GACGTGCCAGATCCAT-1
1734,SC53.GACGTGCGTATCAGTC-1
1735,SC53.GACGTGCGTGCACGAA-1
1736,SC53.GACGTGCTCCACGTTC-1
1737,SC53.GACGTGCTCGTAGGAG-1
1738,SC53.GACGTTAAGTCAATAG-1
1739,SC53.GACGTTACACGCCAGT-1
1740,SC53.GACGTTACACTTAAGC-1
1741,SC53.GACGTTACAGCTTAAC-1
1742,SC53.GACGTTAGTCCGACGT-1
1743,SC53.GACGTTATCGTACGGC-1
1744,SC53.GACGTTATCTCAAACG-1
1745,SC53.GACTAACAGATACACA-1
1746,SC53.GACTAACCAGCTATTG-1
1747,SC53.GACTAACCATCGATGT-1
1748,SC53.GACTAACGTAAAGGAG-1
1749,SC53.GACTAACTCTACTCAT-1
1750,SC53.GACTACACACGGACAA-1
1751,SC53.GACTACACAGAGTGTG-1
1752,SC53.GACTACACATTGGTAC-1
1753,SC53.GACTACAGTCGACTGC-1
1754,SC53.GACTACAGTGGACGAT-1
1755,SC53.GACTACAGTTGGTTTG-1
1756,SC53.GACTGCGAGCGCCTCA-1
1757,SC53.GACTGCGCAATCAGAA-1
1758,SC53.GACTGCGCACATTAGC-1
1759,SC53.GACTGCGCAGTATCTG-1
1760,SC53.GACTGCGGTCTTGCGG-1
1761,SC53.GAGCAGAAGGTGTGGT-1
1762,SC53.GAGCAGATCAGCTCTC-1
1763,SC53.GAGGTGAAGCGTCAAG-1
1764,SC53.GAGGTGAAGCTACCTA-1
1765,SC53.GAGGTGAGTGACGCCT-1
1766,SC53.GAGGTGAGTGTTGAGG-1
1767,SC53.GAGGTGAGTTACGACT-1
1768,SC53.GAGGTGATCCCTGACT-1
1769,SC53.GAGTCCGAGACCACGA-1
1770,SC53.GAGTCCGAGACCGGAT-1
1771,SC53.GAGTCCGAGATTACCC-1
1772,SC53.GAGTCCGCAAGCTGAG-1
1773,SC53.GAGTCCGTCCGTCATC-1
1774,SC53.GATCAGTAGCTCCTCT-1
1775,SC53.GATCAGTCAGGAACGT-1
1776,SC53.GATCAGTGTCAGATAA-1
1777,SC53.GATCAGTGTGACCAAG-1
1778,SC53.GATCAGTTCCGCTGTT-1
1779,SC53.GATCGATAGATATGCA-1
1780,SC53.GATCGATAGATATGGT-1
1781,SC53.GATCGATCACGTCTCT-1
1782,SC53.GATCGATGTAGCTTGT-1
1783,SC53.GATCGATGTTGTTTGG-1
1784,SC53.GATCGATTCCGGCACA-1
1785,SC53.GATCGATTCTCCGGTT-1
1786,SC53.GATCGCGAGGAGTTGC-1
1787,SC53.GATCGCGCAAGACACG-1
1788,SC53.GATCGCGCACCAGGCT-1
1789,SC53.GATCGCGCACGGCGTT-1
1790,SC53.GATCGCGCAGCTCCGA-1
1791,SC53.GATCGCGGTAAGGATT-1
1792,SC53.GATCGCGGTACACCGC-1
1793,SC53.GATCGCGGTTCCATGA-1
1794,SC53.GATCGCGTCTTTAGGG-1
1795,SC53.GATCGTAAGTGGAGAA-1
1796,SC53.GATCGTAAGTTGAGTA-1
1797,SC53.GATCGTACAATAAGCA-1
1798,SC53.GATCGTACACTTCTGC-1
1799,SC53.GATCGTAGTGATGTCT-1
1800,SC53.GATCGTATCACTCTTA-1
1801,SC53.GATCGTATCCGCAAGC-1
1802,SC53.GATCTAGAGCTAAACA-1
1803,SC53.GATCTAGAGTGTTTGC-1
1804,SC53.GATCTAGCAAGTCATC-1
1805,SC53.GATCTAGCAATGGAAT-1
1806,SC53.GATCTAGCAGACAAAT-1
1807,SC53.GATCTAGCATCTGGTA-1
1808,SC53.GATCTAGGTAAGAGAG-1
1809,SC53.GATCTAGGTCAGAATA-1
1810,SC53.GATCTAGGTCAGTGGA-1
1811,SC53.GATCTAGGTCATCGGC-1
1812,SC53.GATCTAGTCTCAAACG-1
1813,SC53.GATGAAACAATGAAAC-1
1814,SC53.GATGAAACAGCTGCTG-1
1815,SC53.GATGAAACATCGTCGG-1
1816,SC53.GATGAAATCTTACCTA-1
1817,SC53.GATGAAATCTTCTGGC-1
1818,SC53.GATGAGGAGATCTGCT-1
1819,SC53.GATGAGGAGGGTCTCC-1
1820,SC53.GATGAGGCACAACTGT-1
1821,SC53.GATGAGGCAGTATCTG-1
1822,SC53.GATGAGGGTAGCGTGA-1
1823,SC53.GATGAGGGTTCGGCAC-1
1824,SC53.GATGAGGTCAGGATCT-1
1825,SC53.GATGAGGTCGCGATCG-1
1826,SC53.GATGAGGTCGTCCAGG-1
1827,SC53.GATGAGGTCTAAGCCA-1
1828,SC53.GATGCTAAGCCACGCT-1
1829,SC53.GATGCTAAGCGTCTAT-1
1830,SC53.GATGCTATCAACGGCC-1
1831,SC53.GATTCAGAGAATCTCC-1
1832,SC53.GATTCAGAGGAATTAC-1
1833,SC53.GATTCAGCAACGATCT-1
1834,SC53.GATTCAGCAACTGGCC-1
1835,SC53.GATTCAGCACAGACAG-1
1836,SC53.GATTCAGTCATAAAGG-1
1837,SC53.GCAAACTAGACTGGGT-1
1838,SC53.GCAAACTAGCTAACTC-1
1839,SC53.GCAAACTAGTTGCAGG-1
1840,SC53.GCAAACTTCTGTTTGT-1
1841,SC53.GCAATCAAGAGATGAG-1
1842,SC53.GCAATCAAGTCTCGGC-1
1843,SC53.GCAATCACAGGGATTG-1
1844,SC53.GCAATCACATCCCACT-1
1845,SC53.GCAATCAGTATCTGCA-1
1846,SC53.GCAATCAGTCCAACTA-1
1847,SC53.GCAATCATCATAGCAC-1
1848,SC53.GCAATCATCCAGAAGG-1
1849,SC53.GCACATAAGGAGTACC-1
1850,SC53.GCACATAAGGTAAACT-1
1851,SC53.GCACATAGTGGCGAAT-1
1852,SC53.GCACATATCAGCGACC-1
1853,SC53.GCACATATCAGTACGT-1
1854,SC53.GCACATATCTGTTTGT-1
1855,SC53.GCACTCTAGCAACGGT-1
1856,SC53.GCACTCTAGCGTTCCG-1
1857,SC53.GCACTCTCAGCTGGCT-1
1858,SC53.GCACTCTGTACAGCAG-1
1859,SC53.GCACTCTGTGGAAAGA-1
1860,SC53.GCACTCTTCACATAGC-1
1861,SC53.GCAGCCAAGATCTGAA-1
1862,SC53.GCAGCCAAGCCCGAAA-1
1863,SC53.GCAGCCACAGGCTCAC-1
1864,SC53.GCAGCCATCCAATGGT-1
1865,SC53.GCAGCCATCGTACCGG-1
1866,SC53.GCAGTTAAGCTCCTTC-1
1867,SC53.GCAGTTAAGTAAGTAC-1
1868,SC53.GCAGTTAAGTTCGCAT-1
1869,SC53.GCAGTTACAGCGAACA-1
1870,SC53.GCAGTTAGTTGTGGAG-1
1871,SC53.GCAGTTATCGTAGGAG-1
1872,SC53.GCAGTTATCTGGCGTG-1
1873,SC53.GCATACAGTAGTGAAT-1
1874,SC53.GCATACAGTGCACGAA-1
1875,SC53.GCATACATCACAACGT-1
1876,SC53.GCATACATCACTGGGC-1
1877,SC53.GCATACATCGCACTCT-1
1878,SC53.GCATGATAGACAATAC-1
1879,SC53.GCATGATAGAGCTTCT-1
1880,SC53.GCATGATAGGCTACGA-1
1881,SC53.GCATGATCACCGAATT-1
1882,SC53.GCATGATCAGGTGGAT-1
1883,SC53.GCATGATCAGTAAGCG-1
1884,SC53.GCATGATCATCACGAT-1
1885,SC53.GCATGATGTCCGTCAG-1
1886,SC53.GCATGATTCAACGGCC-1
1887,SC53.GCATGATTCACTATTC-1
1888,SC53.GCATGATTCATTGCCC-1
1889,SC53.GCATGATTCGGCGCAT-1
1890,SC53.GCATGATTCTTAACCT-1
1891,SC53.GCATGCGAGGAGTTTA-1
1892,SC53.GCATGCGCAATGGTCT-1
1893,SC53.GCATGCGCACATGACT-1
1894,SC53.GCATGCGCATTGCGGC-1
1895,SC53.GCATGCGGTCCAACTA-1
1896,SC53.GCATGTAAGCCGGTAA-1
1897,SC53.GCATGTAAGGCAATTA-1
1898,SC53.GCATGTAGTCTGATTG-1
1899,SC53.GCATGTATCATGCATG-1
1900,SC53.GCATGTATCCACTGGG-1
1901,SC53.GCCAAATAGACAAAGG-1
1902,SC53.GCCAAATAGCGACGTA-1
1903,SC53.GCCAAATAGGTGTTAA-1
1904,SC53.GCCAAATAGTCGCCGT-1
1905,SC53.GCCAAATCAGGTTTCA-1
1906,SC53.GCCAAATGTGCACGAA-1
1907,SC53.GCCAAATTCTAACCGA-1
1908,SC53.GCCTCTAAGAATTGTG-1
1909,SC53.GCCTCTAAGCTAACTC-1
1910,SC53.GCCTCTAAGGCCATAG-1
1911,SC53.GCCTCTACAGCCAATT-1
1912,SC53.GCCTCTAGTCTTGTCC-1
1913,SC53.GCCTCTATCATTTGGG-1
1914,SC53.GCCTCTATCTTAACCT-1
1915,SC53.GCGACCAAGCCCAACC-1
1916,SC53.GCGACCACACCAACCG-1
1917,SC53.GCGACCACACCATGTA-1
1918,SC53.GCGACCAGTCCATGAT-1
1919,SC53.GCGACCAGTTCAGACT-1
1920,SC53.GCGACCATCAAAGACA-1
1921,SC53.GCGACCATCGCTTGTC-1
1922,SC53.GCGACCATCGGTTAAC-1
1923,SC53.GCGAGAAAGTGCGATG-1
1924,SC53.GCGAGAACAAGGTTTC-1
1925,SC53.GCGAGAAGTCAAAGAT-1
1926,SC53.GCGAGAAGTTTCCACC-1
1927,SC53.GCGAGAATCAGTGCAT-1
1928,SC53.GCGAGAATCCTCATTA-1
1929,SC53.GCGAGAATCTCTAAGG-1
1930,SC53.GCGCAACAGAGCAATT-1
1931,SC53.GCGCAACAGATCGGGT-1
1932,SC53.GCGCAACCAGCGAACA-1
1933,SC53.GCGCAACCAGGTGGAT-1
1934,SC53.GCGCAACCAGTATAAG-1
1935,SC53.GCGCAACGTACCCAAT-1
1936,SC53.GCGCAGTAGCGAAGGG-1
1937,SC53.GCGCAGTCAACTGCGC-1
1938,SC53.GCGCAGTTCACTCCTG-1
1939,SC53.GCGCAGTTCCGCGTTT-1
1940,SC53.GCGCCAAAGCCGTCGT-1
1941,SC53.GCGCCAAAGTCCATAC-1
1942,SC53.GCGCCAACACAAGCCC-1
1943,SC53.GCGCCAACACTTCTGC-1
1944,SC53.GCGCCAAGTAACGCGA-1
1945,SC53.GCGCCAAGTGCAGACA-1
1946,SC53.GCGCCAAGTTCGTCTC-1
1947,SC53.GCGCCAAGTTGGGACA-1
1948,SC53.GCGCCAATCTGTACGA-1
1949,SC53.GCGCGATAGACTGTAA-1
1950,SC53.GCGCGATAGCCACGTC-1
1951,SC53.GCGCGATAGCGACGTA-1
1952,SC53.GCGCGATCAGTCTTCC-1
1953,SC53.GCGCGATCATGTCCTC-1
1954,SC53.GCGCGATGTATGAATG-1
1955,SC53.GCGCGATTCACTGGGC-1
1956,SC53.GCGCGATTCTCTAAGG-1
1957,SC53.GCGGGTTAGCTCCTTC-1
1958,SC53.GCGGGTTAGGAGTTGC-1
1959,SC53.GCGGGTTAGGGTCTCC-1
1960,SC53.GCGGGTTAGTGAACAT-1
1961,SC53.GCGGGTTTCCGTCATC-1
1962,SC53.GCTCCTACAAGGACAC-1
1963,SC53.GCTCCTACACCGAAAG-1
1964,SC53.GCTCCTAGTCTAAACC-1
1965,SC53.GCTCCTAGTGTGAAAT-1
1966,SC53.GCTCCTATCATCTGCC-1
1967,SC53.GCTCCTATCGTCGTTC-1
1968,SC53.GCTCTGTAGACGCAAC-1
1969,SC53.GCTCTGTAGGCATGGT-1
1970,SC53.GCTCTGTCAATAACGA-1
1971,SC53.GCTCTGTCACATGGGA-1
1972,SC53.GCTCTGTCAGGGAGAG-1
1973,SC53.GCTCTGTCATTCACTT-1
1974,SC53.GCTCTGTGTCATGCAT-1
1975,SC53.GCTCTGTGTTTGTTGG-1
1976,SC53.GCTCTGTTCTAACCGA-1
1977,SC53.GCTCTGTTCTCCCTGA-1
1978,SC53.GCTGCAGCAATAGCGG-1
1979,SC53.GCTGCAGCACATCTTT-1
1980,SC53.GCTGCAGCAGACAAAT-1
1981,SC53.GCTGCAGGTAAGGGAA-1
1982,SC53.GCTGCAGGTCATATCG-1
1983,SC53.GCTGCAGGTTGTACAC-1
1984,SC53.GCTGCAGGTTGTGGAG-1
1985,SC53.GCTGCAGTCATGGTCA-1
1986,SC53.GCTGCGACAATGAAAC-1
1987,SC53.GCTGCGACATGAAGTA-1
1988,SC53.GCTGCGAGTCCGCTGA-1
1989,SC53.GCTGCGAGTTCATGGT-1
1990,SC53.GCTGCGATCGGCATCG-1
1991,SC53.GCTGCTTAGCGATGAC-1
1992,SC53.GCTGCTTCATGTTGAC-1
1993,SC53.GCTGCTTGTAGCGCTC-1
1994,SC53.GCTGCTTGTAGGAGTC-1
1995,SC53.GCTGCTTGTCGGCACT-1
1996,SC53.GCTGCTTGTTCCATGA-1
1997,SC53.GCTGCTTTCACGGTTA-1
1998,SC53.GCTGCTTTCGCCAAAT-1
1999,SC53.GCTGCTTTCTAACTCT-1
2000,SC53.GCTGCTTTCTCCTATA-1
2001,SC53.GCTGGGTAGTCGATAA-1
2002,SC53.GCTGGGTCAACTGCGC-1
2003,SC53.GCTGGGTCAATCAGAA-1
2004,SC53.GCTGGGTGTATATGGA-1
2005,SC53.GCTGGGTTCACAGGCC-1
2006,SC53.GCTGGGTTCCGCATAA-1
2007,SC53.GCTGGGTTCCTGTACC-1
2008,SC53.GCTGGGTTCGTTTATC-1
2009,SC53.GCTTCCAGTCTAGCCG-1
2010,SC53.GCTTCCAGTGCGAAAC-1
2011,SC53.GCTTGAAGTCCAAGTT-1
2012,SC53.GCTTGAAGTCGAACAG-1
2013,SC53.GCTTGAATCAGCAACT-1
2014,SC53.GGAAAGCAGAGGGCTT-1
2015,SC53.GGAAAGCAGCCTTGAT-1
2016,SC53.GGAAAGCAGGACAGAA-1
2017,SC53.GGAAAGCGTATATGAG-1
2018,SC53.GGAAAGCGTTCAGTAC-1
2019,SC53.GGAAAGCGTTCGTGAT-1
2020,SC53.GGAAAGCTCTTGCAAG-1
2021,SC53.GGAACTTAGACTCGGA-1
2022,SC53.GGAACTTAGGCGCTCT-1
2023,SC53.GGAACTTCACAGGAGT-1
2024,SC53.GGAACTTGTGCACCAC-1
2025,SC53.GGAACTTTCAAACCAC-1
2026,SC53.GGAACTTTCCCGACTT-1
2027,SC53.GGAATAAAGGCCATAG-1
2028,SC53.GGAATAAAGTTTGCGT-1
2029,SC53.GGAATAACAGCCAATT-1
2030,SC53.GGAATAACAGCTCGAC-1
2031,SC53.GGAATAAGTCCTCCAT-1
2032,SC53.GGAATAAGTTCCTCCA-1
2033,SC53.GGAATAATCACTTACT-1
2034,SC53.GGACAAGAGCCAGTTT-1
2035,SC53.GGACAAGCAGCCAGAA-1
2036,SC53.GGACAAGGTAGGAGTC-1
2037,SC53.GGACAAGTCATAGCAC-1
2038,SC53.GGACAGAAGAGGTACC-1
2039,SC53.GGACAGAAGCTTATCG-1
2040,SC53.GGACAGACACAGCGTC-1
2041,SC53.GGACAGACAGGATTGG-1
2042,SC53.GGACAGAGTAGAAAGG-1
2043,SC53.GGACAGAGTAGCAAAT-1
2044,SC53.GGACAGAGTCAAGCGA-1
2045,SC53.GGACAGATCAGCACAT-1
2046,SC53.GGACAGATCCCGGATG-1
2047,SC53.GGACATTAGATGAGAG-1
2048,SC53.GGACATTGTCGCGTGT-1
2049,SC53.GGACATTGTGGGTATG-1
2050,SC53.GGACATTGTTACGTCA-1
2051,SC53.GGACATTTCATCTGCC-1
2052,SC53.GGACGTCAGACTCGGA-1
2053,SC53.GGACGTCCAATGGAGC-1
2054,SC53.GGACGTCCACGAAATA-1
2055,SC53.GGACGTCCATGTTGAC-1
2056,SC53.GGACGTCGTACAGTGG-1
2057,SC53.GGACGTCTCAGGCAAG-1
2058,SC53.GGACGTCTCTCGCATC-1
2059,SC53.GGACGTCTCTGATACG-1
2060,SC53.GGAGCAAAGAGGGCTT-1
2061,SC53.GGAGCAAAGATCCCAT-1
2062,SC53.GGAGCAACACAGCCCA-1
2063,SC53.GGAGCAAGTGATGATA-1
2064,SC53.GGAGCAAGTTCTGAAC-1
2065,SC53.GGATGTTGTAACGCGA-1
2066,SC53.GGATGTTGTCACCTAA-1
2067,SC53.GGATGTTGTCTCCACT-1
2068,SC53.GGATGTTGTTTCCACC-1
2069,SC53.GGATGTTTCAGTTGAC-1
2070,SC53.GGATGTTTCGCTTGTC-1
2071,SC53.GGATTACAGACATAAC-1
2072,SC53.GGATTACCAAGGCTCC-1
2073,SC53.GGATTACCAGACAGGT-1
2074,SC53.GGATTACGTTCCACTC-1
2075,SC53.GGATTACTCCCAGGTG-1
2076,SC53.GGATTACTCTCTAGGA-1
2077,SC53.GGCAATTCATATGCTG-1
2078,SC53.GGCAATTCATCGTCGG-1
2079,SC53.GGCCGATAGACCTTTG-1
2080,SC53.GGCCGATAGACGACGT-1
2081,SC53.GGCCGATAGCGCCTCA-1
2082,SC53.GGCCGATAGGTACTCT-1
2083,SC53.GGCCGATCAGCTGCAC-1
2084,SC53.GGCCGATCATAGACTC-1
2085,SC53.GGCCGATGTGCGCTTG-1
2086,SC53.GGCCGATGTTCGTTGA-1
2087,SC53.GGCCGATTCCAGATCA-1
2088,SC53.GGCGACTAGAGTTGGC-1
2089,SC53.GGCGACTAGGCGTACA-1
2090,SC53.GGCGACTGTATAGGGC-1
2091,SC53.GGCGACTGTTAAGACA-1
2092,SC53.GGCGACTTCGCTTAGA-1
2093,SC53.GGCGTGTCACACTGCG-1
2094,SC53.GGCGTGTCACGCATCG-1
2095,SC53.GGCGTGTGTCTCTCGT-1
2096,SC53.GGCTCGAAGCCAGAAC-1
2097,SC53.GGCTCGAAGGGTCGAT-1
2098,SC53.GGCTCGACAATCTACG-1
2099,SC53.GGCTCGACACAACTGT-1
2100,SC53.GGCTCGAGTGCTAGCC-1
2101,SC53.GGCTCGATCAACACAC-1
2102,SC53.GGCTCGATCACAATGC-1
2103,SC53.GGCTCGATCATTCACT-1
2104,SC53.GGCTCGATCCTGCCAT-1
2105,SC53.GGCTCGATCGCATGAT-1
2106,SC53.GGCTCGATCTAGAGTC-1
2107,SC53.GGCTGGTAGAACAACT-1
2108,SC53.GGCTGGTAGGTGCTTT-1
2109,SC53.GGCTGGTCACAAGACG-1
2110,SC53.GGCTGGTCATCGGACC-1
2111,SC53.GGCTGGTCATTTGCTT-1
2112,SC53.GGCTGGTTCCTTTACA-1
2113,SC53.GGCTGGTTCGAGGTAG-1
2114,SC53.GGCTGGTTCGCCTGAG-1
2115,SC53.GGCTGGTTCGTCGTTC-1
2116,SC53.GGGAATGAGGGTGTTG-1
2117,SC53.GGGAATGAGTTGAGTA-1
2118,SC53.GGGAATGCAATAAGCA-1
2119,SC53.GGGAATGCATAAGACA-1
2120,SC53.GGGAATGGTAAACACA-1
2121,SC53.GGGAATGGTGAGGCTA-1
2122,SC53.GGGAATGGTTCTGGTA-1
2123,SC53.GGGAATGGTTGACGTT-1
2124,SC53.GGGACCTAGGATGGAA-1
2125,SC53.GGGACCTCAGATGGCA-1
2126,SC53.GGGACCTCAGCTGCAC-1
2127,SC53.GGGACCTGTAGAGCTG-1
2128,SC53.GGGAGATAGAACTCGG-1
2129,SC53.GGGAGATAGACAATAC-1
2130,SC53.GGGAGATCATATGGTC-1
2131,SC53.GGGAGATGTTAAGACA-1
2132,SC53.GGGAGATGTTCGCTAA-1
2133,SC53.GGGAGATTCAGGCGAA-1
2134,SC53.GGGAGATTCGTCCGTT-1
2135,SC53.GGGATGAAGATGTGTA-1
2136,SC53.GGGATGACACAGAGGT-1
2137,SC53.GGGATGACAGCAGTTT-1
2138,SC53.GGGATGAGTAAACACA-1
2139,SC53.GGGATGAGTGCAGTAG-1
2140,SC53.GGGATGATCTGCCCTA-1
2141,SC53.GGGCACTAGCGTGAAC-1
2142,SC53.GGGCACTTCACCTTAT-1
2143,SC53.GGGCACTTCCTATGTT-1
2144,SC53.GGGCATCAGACGCACA-1
2145,SC53.GGGCATCAGGGCATGT-1
2146,SC53.GGGCATCCATCGGAAG-1
2147,SC53.GGGCATCGTCTAAACC-1
2148,SC53.GGGTCTGAGCAACGGT-1
2149,SC53.GGGTCTGGTCTGGAGA-1
2150,SC53.GGGTCTGTCAATCTCT-1
2151,SC53.GGGTTGCAGTGTTAGA-1
2152,SC53.GGGTTGCGTCTCCATC-1
2153,SC53.GGGTTGCTCCCTTGTG-1
2154,SC53.GGTATTGAGTTTAGGA-1
2155,SC53.GGTATTGGTGATAAGT-1
2156,SC53.GGTATTGGTTCCTCCA-1
2157,SC53.GGTATTGGTTTGTTGG-1
2158,SC53.GGTGAAGAGAGGTTGC-1
2159,SC53.GGTGAAGAGGGATACC-1
2160,SC53.GGTGAAGTCACTCTTA-1
2161,SC53.GGTGAAGTCGAGGTAG-1
2162,SC53.GGTGCGTAGCACAGGT-1
2163,SC53.GGTGCGTAGCGTTCCG-1
2164,SC53.GGTGCGTAGCTCCCAG-1
2165,SC53.GGTGCGTAGGGTATCG-1
2166,SC53.GGTGCGTCAGATGAGC-1
2167,SC53.GGTGCGTGTAGGCTGA-1
2168,SC53.GGTGCGTGTCGGCATC-1
2169,SC53.GGTGCGTGTGCGGTAA-1
2170,SC53.GGTGCGTGTTTCGCTC-1
2171,SC53.GGTGTTAAGGTCATCT-1
2172,SC53.GGTGTTAAGGTGTGGT-1
2173,SC53.GGTGTTAAGTGAAGTT-1
2174,SC53.GGTGTTAGTACTCAAC-1
2175,SC53.GGTGTTAGTATAAACG-1
2176,SC53.GGTGTTAGTGACCAAG-1
2177,SC53.GGTGTTATCAAACCAC-1
2178,SC53.GGTGTTATCCAGTATG-1
2179,SC53.GGTGTTATCCGTAGGC-1
2180,SC53.GGTGTTATCTTCGAGA-1
2181,SC53.GTAACGTCAAGGGTCA-1
2182,SC53.GTAACGTCACGAAACG-1
2183,SC53.GTAACGTCAGATGGCA-1
2184,SC53.GTAACGTTCCGCATAA-1
2185,SC53.GTAACGTTCGTGGGAA-1
2186,SC53.GTAACTGAGGGTATCG-1
2187,SC53.GTAACTGCACCAGGTC-1
2188,SC53.GTAACTGCATCCAACA-1
2189,SC53.GTAACTGGTACAGTGG-1
2190,SC53.GTAACTGTCTCTGTCG-1
2191,SC53.GTACGTAAGGCTCATT-1
2192,SC53.GTACGTAAGGGCTCTC-1
2193,SC53.GTACGTAGTATATGGA-1
2194,SC53.GTACGTATCAGAGCTT-1
2195,SC53.GTACGTATCCGGGTGT-1
2196,SC53.GTACTCCCAAACCTAC-1
2197,SC53.GTACTCCCAACTGCTA-1
2198,SC53.GTACTCCTCGAGAGCA-1
2199,SC53.GTACTCCTCTGCCAGG-1
2200,SC53.GTACTCCTCTTGAGGT-1
2201,SC53.GTACTTTCATGGTCAT-1
2202,SC53.GTACTTTGTCGAGATG-1
2203,SC53.GTACTTTGTCTACCTC-1
2204,SC53.GTACTTTGTCTCTTTA-1
2205,SC53.GTACTTTGTGGACGAT-1
2206,SC53.GTAGGCCGTCATATGC-1
2207,SC53.GTAGGCCGTGATGTCT-1
2208,SC53.GTAGGCCTCAAGAAGT-1
2209,SC53.GTAGGCCTCGCACTCT-1
2210,SC53.GTAGGCCTCGCATGAT-1
2211,SC53.GTAGTCAAGGGTGTTG-1
2212,SC53.GTAGTCACATTCTCAT-1
2213,SC53.GTAGTCAGTATCACCA-1
2214,SC53.GTATCTTCATCACGTA-1
2215,SC53.GTATCTTGTCACAAGG-1
2216,SC53.GTATCTTGTCGGGTCT-1
2217,SC53.GTATCTTGTCTTGATG-1
2218,SC53.GTATCTTGTTCTGGTA-1
2219,SC53.GTATCTTTCCTAGGGC-1
2220,SC53.GTATCTTTCGTGGTCG-1
2221,SC53.GTATCTTTCTGCTGTC-1
2222,SC53.GTATTCTAGAAACGAG-1
2223,SC53.GTATTCTCAGGTCTCG-1
2224,SC53.GTATTCTCAGTTCATG-1
2225,SC53.GTATTCTGTATAGGGC-1
2226,SC53.GTATTCTGTGACGCCT-1
2227,SC53.GTATTCTGTTAAAGAC-1
2228,SC53.GTATTCTGTTTGTTTC-1
2229,SC53.GTATTCTTCGCAAGCC-1
2230,SC53.GTATTCTTCGCCTGTT-1
2231,SC53.GTCAAGTAGCAACGGT-1
2232,SC53.GTCAAGTGTCAAAGCG-1
2233,SC53.GTCAAGTGTTCGTGAT-1
2234,SC53.GTCAAGTGTTTGTTTC-1
2235,SC53.GTCAAGTTCCGATATG-1
2236,SC53.GTCAAGTTCTCTTGAT-1
2237,SC53.GTCACAAAGAGCAATT-1
2238,SC53.GTCACAAAGGACACCA-1
2239,SC53.GTCACAAAGGGATCTG-1
2240,SC53.GTCACAACAAGCCGCT-1
2241,SC53.GTCACAACAAGGTTTC-1
2242,SC53.GTCACGGAGGAGTCTG-1
2243,SC53.GTCACGGCAGACTCGC-1
2244,SC53.GTCACGGGTATTCTCT-1
2245,SC53.GTCACGGGTCGCGGTT-1
2246,SC53.GTCACGGGTGCAGGTA-1
2247,SC53.GTCACGGTCACCATAG-1
2248,SC53.GTCATTTAGCACCGCT-1
2249,SC53.GTCATTTAGCGACGTA-1
2250,SC53.GTCATTTCATCACGAT-1
2251,SC53.GTCATTTGTGGCGAAT-1
2252,SC53.GTCATTTTCACGAAGG-1
2253,SC53.GTCATTTTCTCAAACG-1
2254,SC53.GTCCTCAGTCACAAGG-1
2255,SC53.GTCCTCAGTGTGTGCC-1
2256,SC53.GTCGGGTAGTCATGCT-1
2257,SC53.GTCGGGTTCATCTGTT-1
2258,SC53.GTCGTAAGTCAGAGGT-1
2259,SC53.GTCTCGTAGGCAGTCA-1
2260,SC53.GTCTCGTAGTGCCAGA-1
2261,SC53.GTCTCGTCAAGACGTG-1
2262,SC53.GTCTCGTCAATCTACG-1
2263,SC53.GTCTCGTCACAACGCC-1
2264,SC53.GTCTCGTCACAGACTT-1
2265,SC53.GTCTCGTGTTTGTTGG-1
2266,SC53.GTCTTCGAGAGGGCTT-1
2267,SC53.GTCTTCGAGGAGTCTG-1
2268,SC53.GTCTTCGCATGACGGA-1
2269,SC53.GTCTTCGGTACCATCA-1
2270,SC53.GTCTTCGTCCGCAGTG-1
2271,SC53.GTGAAGGAGCCAGAAC-1
2272,SC53.GTGAAGGAGCTGCAAG-1
2273,SC53.GTGAAGGCAACACGCC-1
2274,SC53.GTGAAGGGTAAGTGGC-1
2275,SC53.GTGAAGGTCACCGGGT-1
2276,SC53.GTGAAGGTCCTTAATC-1
2277,SC53.GTGAAGGTCTTGTACT-1
2278,SC53.GTGCAGCAGTCACGCC-1
2279,SC53.GTGCAGCTCACCATAG-1
2280,SC53.GTGCATAAGATCGGGT-1
2281,SC53.GTGCATACACATGTGT-1
2282,SC53.GTGCATAGTACCATCA-1
2283,SC53.GTGCATAGTATTCTCT-1
2284,SC53.GTGCATATCAAGGCTT-1
2285,SC53.GTGCATATCAAGGTAA-1
2286,SC53.GTGCGGTCAGATCCAT-1
2287,SC53.GTGCGGTGTAGTGAAT-1
2288,SC53.GTGCGGTGTGCTGTAT-1
2289,SC53.GTGCGGTTCACCAGGC-1
2290,SC53.GTGCGGTTCACCATAG-1
2291,SC53.GTGCTTCAGACTAGGC-1
2292,SC53.GTGCTTCCAATAACGA-1
2293,SC53.GTGCTTCCACCGAAAG-1
2294,SC53.GTGCTTCCAGACGCTC-1
2295,SC53.GTGCTTCCAGTATAAG-1
2296,SC53.GTGCTTCCATGACGGA-1
2297,SC53.GTGCTTCCATGTCCTC-1
2298,SC53.GTGCTTCGTCACTGGC-1
2299,SC53.GTGCTTCGTCATCCCT-1
2300,SC53.GTGCTTCGTCGTTGTA-1
2301,SC53.GTGCTTCGTGAGTGAC-1
2302,SC53.GTGGGTCAGACTCGGA-1
2303,SC53.GTGGGTCAGCGTTCCG-1
2304,SC53.GTGGGTCAGGTCATCT-1
2305,SC53.GTGGGTCAGGTCGGAT-1
2306,SC53.GTGGGTCCAATGCCAT-1
2307,SC53.GTGGGTCCACACTGCG-1
2308,SC53.GTGGGTCCAGATCTGT-1
2309,SC53.GTGGGTCCAGGAACGT-1
2310,SC53.GTGGGTCTCGGATGTT-1
2311,SC53.GTGTGCGCACCAACCG-1
2312,SC53.GTGTTAGCAAGAGGCT-1
2313,SC53.GTGTTAGCAATGGACG-1
2314,SC53.GTGTTAGCACATTCGA-1
2315,SC53.GTGTTAGTCACATGCA-1
2316,SC53.GTGTTAGTCCATGCTC-1
2317,SC53.GTTAAGCAGGGTCGAT-1
2318,SC53.GTTAAGCGTAGCTTGT-1
2319,SC53.GTTAAGCGTTCAGTAC-1
2320,SC53.GTTAAGCTCTACTATC-1
2321,SC53.GTTACAGAGTAGGCCA-1
2322,SC53.GTTACAGAGTCCGTAT-1
2323,SC53.GTTACAGAGTTGCAGG-1
2324,SC53.GTTACAGCAAAGGCGT-1
2325,SC53.GTTACAGCAGTCTTCC-1
2326,SC53.GTTACAGCATCACGTA-1
2327,SC53.GTTACAGGTGGAAAGA-1
2328,SC53.GTTACAGTCGCTGATA-1
2329,SC53.GTTCATTAGGCTCTTA-1
2330,SC53.GTTCATTAGTAACCCT-1
2331,SC53.GTTCATTAGTGACTCT-1
2332,SC53.GTTCATTGTCACACGC-1
2333,SC53.GTTCATTGTGCAGACA-1
2334,SC53.GTTCATTGTTACGGAG-1
2335,SC53.GTTCATTTCGGTTAAC-1
2336,SC53.GTTCGGGCAGATGGCA-1
2337,SC53.GTTCGGGGTGGTACAG-1
2338,SC53.GTTCGGGGTTACGCGC-1
2339,SC53.GTTCGGGTCATTTGGG-1
2340,SC53.GTTCGGGTCCCAACGG-1
2341,SC53.GTTCTCGAGGACCACA-1
2342,SC53.GTTCTCGAGGTCATCT-1
2343,SC53.GTTCTCGCAACACCTA-1
2344,SC53.GTTCTCGCAACCGCCA-1
2345,SC53.GTTCTCGGTACATGTC-1
2346,SC53.GTTCTCGGTGACAAAT-1
2347,SC53.GTTTCTAAGAAACGCC-1
2348,SC53.GTTTCTACAAAGCAAT-1
2349,SC53.GTTTCTAGTCCAGTAT-1
2350,SC53.GTTTCTAGTCTAGGTT-1
2351,SC53.GTTTCTAGTTACGGAG-1
2352,SC53.GTTTCTATCCATGCTC-1
2353,SC53.TAAACCGAGATCTGAA-1
2354,SC53.TAAACCGAGGACCACA-1
2355,SC53.TAAACCGCACAGGTTT-1
2356,SC53.TAAACCGCAGCCTGTG-1
2357,SC53.TAAACCGTCACCTCGT-1
2358,SC53.TAAACCGTCCTTTCTC-1
2359,SC53.TAAGAGAAGAAACCGC-1
2360,SC53.TAAGAGAAGACTTTCG-1
2361,SC53.TAAGAGACACAAGTAA-1
2362,SC53.TAAGAGACACCAGATT-1
2363,SC53.TAAGAGAGTACCGAGA-1
2364,SC53.TAAGAGAGTATTCGTG-1
2365,SC53.TAAGAGAGTTCTCATT-1
2366,SC53.TAAGAGATCTTGCAAG-1
2367,SC53.TAAGCGTAGACAATAC-1
2368,SC53.TAAGCGTAGGCTCTTA-1
2369,SC53.TAAGCGTCACTTAAGC-1
2370,SC53.TAAGCGTGTTCCCTTG-1
2371,SC53.TAAGTGCAGCCCAGCT-1
2372,SC53.TAAGTGCAGTAGATGT-1
2373,SC53.TAAGTGCTCGAGAACG-1
2374,SC53.TACACGAAGGGCTTCC-1
2375,SC53.TACACGAAGGTGCAAC-1
2376,SC53.TACACGACAAGCCATT-1
2377,SC53.TACACGAGTACAGCAG-1
2378,SC53.TACACGATCCGGCACA-1
2379,SC53.TACAGTGAGATGCGAC-1
2380,SC53.TACAGTGAGGTTCCTA-1
2381,SC53.TACAGTGCATGACATC-1
2382,SC53.TACAGTGGTTAAGATG-1
2383,SC53.TACAGTGTCCAATGGT-1
2384,SC53.TACAGTGTCGTAGATC-1
2385,SC53.TACCTATAGCGTGTCC-1
2386,SC53.TACCTATCATGCATGT-1
2387,SC53.TACCTATTCATGCAAC-1
2388,SC53.TACCTATTCCCGGATG-1
2389,SC53.TACCTTAAGGCTCATT-1
2390,SC53.TACCTTACACTTAAGC-1
2391,SC53.TACCTTACAGGATTGG-1
2392,SC53.TACCTTAGTATGAAAC-1
2393,SC53.TACCTTAGTTCAGACT-1
2394,SC53.TACGGATAGAATTGTG-1
2395,SC53.TACGGATAGCAGGTCA-1
2396,SC53.TACGGATAGGCGTACA-1
2397,SC53.TACGGATCAATGAATG-1
2398,SC53.TACGGATCACATCTTT-1
2399,SC53.TACGGATCAGTCACTA-1
2400,SC53.TACGGATCATGGTCTA-1
2401,SC53.TACGGATGTAAGGATT-1
2402,SC53.TACGGATGTCAGTGGA-1
2403,SC53.TACGGATTCTAACCGA-1
2404,SC53.TACGGATTCTCCGGTT-1
2405,SC53.TACGGGCAGTGTCTCA-1
2406,SC53.TACGGGCCAATTGCTG-1
2407,SC53.TACGGGCCACAACGCC-1
2408,SC53.TACGGGCCAGGGTTAG-1
2409,SC53.TACGGGCCATCACCCT-1
2410,SC53.TACGGGCGTGATGTGG-1
2411,SC53.TACGGGCGTTATGTGC-1
2412,SC53.TACGGGCGTTCGTTGA-1
2413,SC53.TACGGGCTCACTCCTG-1
2414,SC53.TACGGGCTCGCAGGCT-1
2415,SC53.TACGGGCTCTTGAGAC-1
2416,SC53.TACGGTAAGAACTCGG-1
2417,SC53.TACGGTAAGCGACGTA-1
2418,SC53.TACGGTACAATAAGCA-1
2419,SC53.TACGGTATCAATCTCT-1
2420,SC53.TACGGTATCAGATAAG-1
2421,SC53.TACGGTATCGTTTGCC-1
2422,SC53.TACTCATAGATAGCAT-1
2423,SC53.TACTCATAGTCACGCC-1
2424,SC53.TACTCATAGTCTCAAC-1
2425,SC53.TACTCATCATCATCCC-1
2426,SC53.TACTCATCATGCCTAA-1
2427,SC53.TACTCATGTTTGTGTG-1
2428,SC53.TACTCATTCTACCAGA-1
2429,SC53.TACTCGCAGAACTGTA-1
2430,SC53.TACTCGCAGTCTCGGC-1
2431,SC53.TACTCGCCAAGTAATG-1
2432,SC53.TACTCGCCATTCCTGC-1
2433,SC53.TACTCGCTCTCGCATC-1
2434,SC53.TACTCGCTCTGCGACG-1
2435,SC53.TACTTACAGGGCACTA-1
2436,SC53.TACTTACCACCGATAT-1
2437,SC53.TACTTACCATTCTCAT-1
2438,SC53.TACTTACGTAGCTAAA-1
2439,SC53.TACTTGTAGGACAGAA-1
2440,SC53.TACTTGTAGGAGCGAG-1
2441,SC53.TACTTGTCAAGTAATG-1
2442,SC53.TACTTGTCACCCAGTG-1
2443,SC53.TACTTGTCAGTCAGAG-1
2444,SC53.TACTTGTTCCAAATGC-1
2445,SC53.TACTTGTTCTGTCTCG-1
2446,SC53.TAGACCAAGAGAACAG-1
2447,SC53.TAGACCAAGAGACGAA-1
2448,SC53.TAGACCAAGCAGGCTA-1
2449,SC53.TAGACCAAGGACCACA-1
2450,SC53.TAGACCAGTTGGTAAA-1
2451,SC53.TAGACCATCCAAACTG-1
2452,SC53.TAGACCATCCTATGTT-1
2453,SC53.TAGACCATCGCCCTTA-1
2454,SC53.TAGACCATCGCTTGTC-1
2455,SC53.TAGACCATCGTCGTTC-1
2456,SC53.TAGAGCTAGAGCTTCT-1
2457,SC53.TAGAGCTCAAGCCCAC-1
2458,SC53.TAGAGCTCATTCGACA-1
2459,SC53.TAGAGCTCATTGGGCC-1
2460,SC53.TAGAGCTTCTTAGCCC-1
2461,SC53.TAGCCGGAGAGCCTAG-1
2462,SC53.TAGCCGGAGGTGCTTT-1
2463,SC53.TAGCCGGCAGCTCGAC-1
2464,SC53.TAGCCGGCAGGGTACA-1
2465,SC53.TAGCCGGCATGCAATC-1
2466,SC53.TAGCCGGCATGCCTTC-1
2467,SC53.TAGCCGGGTCTGATTG-1
2468,SC53.TAGCCGGTCACGACTA-1
2469,SC53.TAGGCATAGCTACCGC-1
2470,SC53.TAGGCATAGTGCGTGA-1
2471,SC53.TAGGCATCAAGAAAGG-1
2472,SC53.TAGGCATCAAGCCATT-1
2473,SC53.TAGGCATCACATCTTT-1
2474,SC53.TAGGCATGTTGAGTTC-1
2475,SC53.TAGGCATTCAGCAACT-1
2476,SC53.TAGTGGTAGGCCATAG-1
2477,SC53.TAGTGGTAGGCGATAC-1
2478,SC53.TAGTGGTAGGTTCCTA-1
2479,SC53.TAGTGGTGTAAGGGAA-1
2480,SC53.TAGTGGTTCATGTCCC-1
2481,SC53.TAGTGGTTCTTTACAC-1
2482,SC53.TAGTTGGCATGCTAGT-1
2483,SC53.TAGTTGGGTCTACCTC-1
2484,SC53.TAGTTGGGTGTGGTTT-1
2485,SC53.TAGTTGGTCGTCCGTT-1
2486,SC53.TATCAGGAGTACGATA-1
2487,SC53.TATCAGGAGTGCCAGA-1
2488,SC53.TATCAGGCACGAAGCA-1
2489,SC53.TATCAGGTCAGTCAGT-1
2490,SC53.TATCAGGTCGGATGTT-1
2491,SC53.TATCAGGTCGGTGTCG-1
2492,SC53.TATCAGGTCTCGTATT-1
2493,SC53.TATCAGGTCTTATCTG-1
2494,SC53.TATCTCAAGACACTAA-1
2495,SC53.TATCTCAAGATAGTCA-1
2496,SC53.TATCTCAAGGGTGTTG-1
2497,SC53.TATCTCAGTTAAGACA-1
2498,SC53.TATCTCATCGTTACGA-1
2499,SC53.TATGCCCAGGACAGAA-1
2500,SC53.TATGCCCAGGGTTCCC-1
2501,SC53.TATGCCCCACTCTGTC-1
2502,SC53.TATGCCCGTCTCTTAT-1
2503,SC53.TATGCCCTCCACGTTC-1
2504,SC53.TATGCCCTCTCTGTCG-1
2505,SC53.TATTACCAGAAGGGTA-1
2506,SC53.TATTACCAGTTTGCGT-1
2507,SC53.TATTACCCACCAGGTC-1
2508,SC53.TATTACCTCCTCTAGC-1
2509,SC53.TCAACGAAGGCAAAGA-1
2510,SC53.TCAACGAAGGGATACC-1
2511,SC53.TCAACGACATGGGACA-1
2512,SC53.TCAATCTAGTCGTTTG-1
2513,SC53.TCAATCTCAATCAGAA-1
2514,SC53.TCAATCTTCGGCATCG-1
2515,SC53.TCACAAGCAGTCGTGC-1
2516,SC53.TCACAAGTCAGATAAG-1
2517,SC53.TCACAAGTCAGCCTAA-1
2518,SC53.TCACAAGTCATCGATG-1
2519,SC53.TCACAAGTCTTGTACT-1
2520,SC53.TCACGAAAGCGCTTAT-1
2521,SC53.TCACGAAAGCTAGTGG-1
2522,SC53.TCACGAACAAGTAGTA-1
2523,SC53.TCACGAACAAGTTCTG-1
2524,SC53.TCACGAACAATCTACG-1
2525,SC53.TCACGAACACCAGTTA-1
2526,SC53.TCACGAAGTCTAGGTT-1
2527,SC53.TCACGAATCATCACCC-1
2528,SC53.TCACGAATCCAGAAGG-1
2529,SC53.TCAGATGAGACGCACA-1
2530,SC53.TCAGATGAGCGATATA-1
2531,SC53.TCAGATGAGGGTCTCC-1
2532,SC53.TCAGATGGTGCAACGA-1
2533,SC53.TCAGATGTCATTCACT-1
2534,SC53.TCAGCAAAGAAGGGTA-1
2535,SC53.TCAGCAAAGAGTAATC-1
2536,SC53.TCAGCAAAGCCTTGAT-1
2537,SC53.TCAGCAAGTATTAGCC-1
2538,SC53.TCAGCAATCAATACCG-1
2539,SC53.TCAGCAATCATCGATG-1
2540,SC53.TCAGCAATCGACAGCC-1
2541,SC53.TCAGCAATCTGACCTC-1
2542,SC53.TCAGCTCAGCCACTAT-1
2543,SC53.TCAGCTCGTAAATGAC-1
2544,SC53.TCAGCTCGTACAGACG-1
2545,SC53.TCAGCTCGTCAATGTC-1
2546,SC53.TCAGCTCGTTCAACCA-1
2547,SC53.TCAGCTCTCAGCGACC-1
2548,SC53.TCAGCTCTCCACGAAT-1
2549,SC53.TCAGCTCTCGAATGCT-1
2550,SC53.TCAGCTCTCTCAACTT-1
2551,SC53.TCAGCTCTCTGAGGGA-1
2552,SC53.TCAGGATAGACCCACC-1
2553,SC53.TCAGGATAGAGTAATC-1
2554,SC53.TCAGGATAGCTAGCCC-1
2555,SC53.TCAGGATCAGCAGTTT-1
2556,SC53.TCAGGATCAGTATAAG-1
2557,SC53.TCAGGATCATTATCTC-1
2558,SC53.TCAGGATGTTCCCGAG-1
2559,SC53.TCAGGATTCGAACGGA-1
2560,SC53.TCAGGTACAGACGCCT-1
2561,SC53.TCAGGTACAGTGGAGT-1
2562,SC53.TCAGGTACATGCAATC-1
2563,SC53.TCAGGTAGTACCGTTA-1
2564,SC53.TCAGGTATCCAAATGC-1
2565,SC53.TCAGGTATCTTAACCT-1
2566,SC53.TCATTACAGCCCTAAT-1
2567,SC53.TCATTACCAAAGGAAG-1
2568,SC53.TCATTACCAAGTCTGT-1
2569,SC53.TCATTACCACCCATGG-1
2570,SC53.TCATTACCACCGAATT-1
2571,SC53.TCATTACCATTAACCG-1
2572,SC53.TCATTACCATTGGCGC-1
2573,SC53.TCATTACGTAAGGGAA-1
2574,SC53.TCATTACGTCTTGTCC-1
2575,SC53.TCATTACGTTACCAGT-1
2576,SC53.TCATTTGAGCCCAACC-1
2577,SC53.TCATTTGGTGGCGAAT-1
2578,SC53.TCATTTGTCGTGACAT-1
2579,SC53.TCCACACAGCTGCGAA-1
2580,SC53.TCCACACAGCTTATCG-1
2581,SC53.TCCACACCAGACGCAA-1
2582,SC53.TCCCGATAGTACGATA-1
2583,SC53.TCCCGATCATGCTAGT-1
2584,SC53.TCCCGATGTAGCAAAT-1
2585,SC53.TCCCGATTCCAAAGTC-1
2586,SC53.TCGAGGCAGCCTATGT-1
2587,SC53.TCGAGGCAGTGTCTCA-1
2588,SC53.TCGAGGCCAACACCCG-1
2589,SC53.TCGAGGCCAATAAGCA-1
2590,SC53.TCGAGGCCACGGCTAC-1
2591,SC53.TCGAGGCGTAAACACA-1
2592,SC53.TCGCGAGAGCTAGCCC-1
2593,SC53.TCGCGAGAGCTTCGCG-1
2594,SC53.TCGCGAGAGGGCTCTC-1
2595,SC53.TCGCGAGAGTCGAGTG-1
2596,SC53.TCGCGAGAGTCTCAAC-1
2597,SC53.TCGCGAGCAAGTCATC-1
2598,SC53.TCGCGAGCAGATGGCA-1
2599,SC53.TCGCGAGGTACCGGCT-1
2600,SC53.TCGCGAGGTCTTTCAT-1
2601,SC53.TCGCGAGTCAAACCGT-1
2602,SC53.TCGCGAGTCAGTACGT-1
2603,SC53.TCGCGAGTCCAGAAGG-1
2604,SC53.TCGCGAGTCGTGGTCG-1
2605,SC53.TCGCGTTAGAGTACAT-1
2606,SC53.TCGCGTTAGGCGATAC-1
2607,SC53.TCGCGTTAGGGTCTCC-1
2608,SC53.TCGCGTTCACGGCCAT-1
2609,SC53.TCGCGTTGTATCAGTC-1
2610,SC53.TCGCGTTGTCGGCACT-1
2611,SC53.TCGCGTTGTCTAGTCA-1
2612,SC53.TCGCGTTGTGATAAAC-1
2613,SC53.TCGCGTTTCCGTTGCT-1
2614,SC53.TCGCGTTTCTGCAAGT-1
2615,SC53.TCGCGTTTCTTTAGGG-1
2616,SC53.TCGGGACAGACCACGA-1
2617,SC53.TCGGGACTCTCAAGTG-1
2618,SC53.TCGGTAAAGATCGATA-1
2619,SC53.TCGGTAAAGCAGATCG-1
2620,SC53.TCGGTAACATTCCTGC-1
2621,SC53.TCGGTAAGTCCTAGCG-1
2622,SC53.TCGGTAAGTTTAAGCC-1
2623,SC53.TCGTACCAGTTAGGTA-1
2624,SC53.TCGTACCCAGCTGCTG-1
2625,SC53.TCGTACCGTAAGGGAA-1
2626,SC53.TCGTACCGTTATGCGT-1
2627,SC53.TCGTAGAAGATCTGCT-1
2628,SC53.TCGTAGAAGGTGCTTT-1
2629,SC53.TCGTAGACAGATTGCT-1
2630,SC53.TCGTAGAGTCTAAACC-1
2631,SC53.TCGTAGATCGTCCGTT-1
2632,SC53.TCTATTGCACCAACCG-1
2633,SC53.TCTATTGCACTAAGTC-1
2634,SC53.TCTATTGCAGATCGGA-1
2635,SC53.TCTATTGCAGCCACCA-1
2636,SC53.TCTATTGCAGTAGAGC-1
2637,SC53.TCTATTGGTAAGAGAG-1
2638,SC53.TCTATTGTCCGAATGT-1
2639,SC53.TCTATTGTCGGATGTT-1
2640,SC53.TCTATTGTCTGTCTCG-1
2641,SC53.TCTCATAAGACACGAC-1
2642,SC53.TCTCATAAGGCCCGTT-1
2643,SC53.TCTCATAGTGGCAAAC-1
2644,SC53.TCTCATATCACTTCAT-1
2645,SC53.TCTCTAACACAACGCC-1
2646,SC53.TCTCTAACACAACTGT-1
2647,SC53.TCTCTAACATTGGTAC-1
2648,SC53.TCTCTAAGTACCGAGA-1
2649,SC53.TCTCTAATCGAACTGT-1
2650,SC53.TCTCTAATCTACCTGC-1
2651,SC53.TCTGAGAAGTAACCCT-1
2652,SC53.TCTGAGAAGTCTCCTC-1
2653,SC53.TCTGAGACAATCACAC-1
2654,SC53.TCTGAGACAGCTGCTG-1
2655,SC53.TCTGAGAGTCCTCCAT-1
2656,SC53.TCTGAGATCAAGGTAA-1
2657,SC53.TCTGAGATCTTCGAGA-1
2658,SC53.TCTGGAAAGTCGCCGT-1
2659,SC53.TCTGGAACAGCATACT-1
2660,SC53.TCTGGAAGTAAGTGGC-1
2661,SC53.TCTGGAATCAGCATGT-1
2662,SC53.TCTTCGGAGGACTGGT-1
2663,SC53.TCTTCGGCATACGCCG-1
2664,SC53.TCTTCGGCATCCAACA-1
2665,SC53.TCTTCGGTCCTCATTA-1
2666,SC53.TCTTTCCAGACCCACC-1
2667,SC53.TCTTTCCCACCCTATC-1
2668,SC53.TCTTTCCCATACTCTT-1
2669,SC53.TCTTTCCGTTCGCTAA-1
2670,SC53.TCTTTCCTCTTCGGTC-1
2671,SC53.TGAAAGACACCACCAG-1
2672,SC53.TGAAAGACACTATCTT-1
2673,SC53.TGAAAGACACTGTGTA-1
2674,SC53.TGAAAGAGTTCAGTAC-1
2675,SC53.TGAAAGATCACTTACT-1
2676,SC53.TGAAAGATCTGCCAGG-1
2677,SC53.TGACAACAGAAGGACA-1
2678,SC53.TGACAACAGCCAGTAG-1
2679,SC53.TGACAACAGCGTTTAC-1
2680,SC53.TGACAACCAGTACACT-1
2681,SC53.TGACAACCAGTGGAGT-1
2682,SC53.TGACGGCAGTTGCAGG-1
2683,SC53.TGACGGCCACCCAGTG-1
2684,SC53.TGACGGCTCCCAACGG-1
2685,SC53.TGACTAGAGGGTCTCC-1
2686,SC53.TGACTAGCACGCATCG-1
2687,SC53.TGACTAGCAGCCAGAA-1
2688,SC53.TGACTAGGTCCGTTAA-1
2689,SC53.TGACTAGGTCTGCGGT-1
2690,SC53.TGACTAGGTTTACTCT-1
2691,SC53.TGACTTTCAAAGCGGT-1
2692,SC53.TGACTTTCAGTTCCCT-1
2693,SC53.TGACTTTGTATCACCA-1
2694,SC53.TGACTTTTCATTGCGA-1
2695,SC53.TGACTTTTCGTGACAT-1
2696,SC53.TGAGAGGCAGTTAACC-1
2697,SC53.TGAGAGGTCGTAGATC-1
2698,SC53.TGAGCATAGCAAATCA-1
2699,SC53.TGAGCATAGCTGGAAC-1
2700,SC53.TGAGCATAGTCCGTAT-1
2701,SC53.TGAGCATCAAACTGTC-1
2702,SC53.TGAGCATCAACGCACC-1
2703,SC53.TGAGCATCATTCTTAC-1
2704,SC53.TGAGCATGTACCGGCT-1
2705,SC53.TGAGCATGTGGTCCGT-1
2706,SC53.TGAGCATTCAGTTCGA-1
2707,SC53.TGAGCATTCCCTCAGT-1
2708,SC53.TGAGCATTCTTGCCGT-1
2709,SC53.TGAGCCGAGATGTTAG-1
2710,SC53.TGAGCCGCACAGACTT-1
2711,SC53.TGAGCCGGTAGCGTCC-1
2712,SC53.TGAGCCGGTAGGCATG-1
2713,SC53.TGAGCCGGTCTGATCA-1
2714,SC53.TGAGCCGGTTGGTTTG-1
2715,SC53.TGAGCCGTCGCAAACT-1
2716,SC53.TGAGGGAAGCTTATCG-1
2717,SC53.TGAGGGACACAAGTAA-1
2718,SC53.TGAGGGACACCAACCG-1
2719,SC53.TGAGGGACAGTCGTGC-1
2720,SC53.TGAGGGACAGTGGAGT-1
2721,SC53.TGAGGGACATCATCCC-1
2722,SC53.TGAGGGAGTAGGAGTC-1
2723,SC53.TGAGGGAGTCGTCTTC-1
2724,SC53.TGAGGGATCGACAGCC-1
2725,SC53.TGATTTCAGAAACGAG-1
2726,SC53.TGATTTCAGTGTGAAT-1
2727,SC53.TGATTTCCACATTAGC-1
2728,SC53.TGATTTCTCGGCTACG-1
2729,SC53.TGATTTCTCGGTCCGA-1
2730,SC53.TGCACCTAGCCGTCGT-1
2731,SC53.TGCACCTAGCGTCAAG-1
2732,SC53.TGCACCTCAAGAAAGG-1
2733,SC53.TGCACCTCACTCGACG-1
2734,SC53.TGCACCTCAGACGCAA-1
2735,SC53.TGCACCTGTAGCTCCG-1
2736,SC53.TGCACCTTCGTACGGC-1
2737,SC53.TGCCAAAAGCTCTCGG-1
2738,SC53.TGCCAAAAGGAGTTGC-1
2739,SC53.TGCCAAACATGCAATC-1
2740,SC53.TGCCAAAGTACCGGCT-1
2741,SC53.TGCCAAATCCAAGTAC-1
2742,SC53.TGCCAAATCCCTAATT-1
2743,SC53.TGCCAAATCCTTCAAT-1
2744,SC53.TGCCCATAGAAGGGTA-1
2745,SC53.TGCCCATCACGAAAGC-1
2746,SC53.TGCCCATGTTCCAACA-1
2747,SC53.TGCCCATTCCAATGGT-1
2748,SC53.TGCCCTAAGCTAGTTC-1
2749,SC53.TGCCCTAAGGGATACC-1
2750,SC53.TGCCCTACAGATCCAT-1
2751,SC53.TGCCCTAGTTAGGGTG-1
2752,SC53.TGCCCTATCATGTCTT-1
2753,SC53.TGCCCTATCGTCTGCT-1
2754,SC53.TGCGCAGAGACAGAGA-1
2755,SC53.TGCGCAGAGCTAAGAT-1
2756,SC53.TGCGCAGAGGCTAGCA-1
2757,SC53.TGCGCAGCAAACCCAT-1
2758,SC53.TGCGCAGCAAGCGCTC-1
2759,SC53.TGCGCAGCAGATCTGT-1
2760,SC53.TGCGCAGCAGGGAGAG-1
2761,SC53.TGCGCAGCATGTCTCC-1
2762,SC53.TGCGCAGGTACTTCTT-1
2763,SC53.TGCGCAGTCCGCAAGC-1
2764,SC53.TGCGCAGTCTTATCTG-1
2765,SC53.TGCGGGTAGACACTAA-1
2766,SC53.TGCGGGTCAGCTGCAC-1
2767,SC53.TGCGGGTCATAAGACA-1
2768,SC53.TGCGGGTGTATTCTCT-1
2769,SC53.TGCGGGTGTGCTGTAT-1
2770,SC53.TGCGTGGCAACACCCG-1
2771,SC53.TGCGTGGTCGACGGAA-1
2772,SC53.TGCTACCAGGTGCACA-1
2773,SC53.TGCTACCCATTAGCCA-1
2774,SC53.TGCTACCGTACGACCC-1
2775,SC53.TGGACGCAGAGGTTGC-1
2776,SC53.TGGACGCAGTGAAGAG-1
2777,SC53.TGGACGCCAAGACACG-1
2778,SC53.TGGACGCCAGCGTCCA-1
2779,SC53.TGGACGCCATTCCTGC-1
2780,SC53.TGGACGCCATTGGTAC-1
2781,SC53.TGGACGCTCATCACCC-1
2782,SC53.TGGCCAGAGGCTACGA-1
2783,SC53.TGGCCAGCACCGAATT-1
2784,SC53.TGGCCAGCATTCTTAC-1
2785,SC53.TGGCCAGGTTGCCTCT-1
2786,SC53.TGGCCAGTCAAACCGT-1
2787,SC53.TGGCCAGTCCCTTGTG-1
2788,SC53.TGGCGCAAGATCACGG-1
2789,SC53.TGGCGCAAGCGATATA-1
2790,SC53.TGGCGCAAGGTGATTA-1
2791,SC53.TGGCGCAAGTACGCCC-1
2792,SC53.TGGCGCACAGGACGTA-1
2793,SC53.TGGCGCACAGTGGAGT-1
2794,SC53.TGGCGCAGTGGTTTCA-1
2795,SC53.TGGCGCAGTGTTCTTT-1
2796,SC53.TGGCGCAGTGTTGGGA-1
2797,SC53.TGGCGCATCAGGTAAA-1
2798,SC53.TGGCTGGCATCCCATC-1
2799,SC53.TGGCTGGGTATCTGCA-1
2800,SC53.TGGCTGGGTCGATTGT-1
2801,SC53.TGGCTGGGTGCATCTA-1
2802,SC53.TGGCTGGTCAGTCCCT-1
2803,SC53.TGGCTGGTCGAACGGA-1
2804,SC53.TGGCTGGTCGATGAGG-1
2805,SC53.TGGGAAGCAAGGTTCT-1
2806,SC53.TGGGAAGCACCTATCC-1
2807,SC53.TGGGAAGCACGTCTCT-1
2808,SC53.TGGGAAGCAGGTCGTC-1
2809,SC53.TGGGAAGCATCCGTGG-1
2810,SC53.TGGGAAGGTACCGGCT-1
2811,SC53.TGGGAAGGTGGCCCTA-1
2812,SC53.TGGGAAGTCCCTAACC-1
2813,SC53.TGGGCGTAGAACAATC-1
2814,SC53.TGGGCGTAGAGAGCTC-1
2815,SC53.TGGGCGTCAAAGCAAT-1
2816,SC53.TGGGCGTGTAGGAGTC-1
2817,SC53.TGGGCGTGTATTACCG-1
2818,SC53.TGGGCGTGTGACTACT-1
2819,SC53.TGGGCGTGTGCTCTTC-1
2820,SC53.TGGGCGTTCCAAATGC-1
2821,SC53.TGGTTAGAGAGGTTAT-1
2822,SC53.TGGTTAGAGATACACA-1
2823,SC53.TGGTTAGAGGGCATGT-1
2824,SC53.TGGTTAGCAAGAAAGG-1
2825,SC53.TGGTTAGCAAGTAATG-1
2826,SC53.TGGTTAGCACGAAGCA-1
2827,SC53.TGGTTAGCAGTCAGAG-1
2828,SC53.TGGTTAGGTTTAGGAA-1
2829,SC53.TGGTTAGTCCAAGTAC-1
2830,SC53.TGGTTAGTCGCCTGAG-1
2831,SC53.TGGTTAGTCTAACTTC-1
2832,SC53.TGGTTCCAGACTAGAT-1
2833,SC53.TGGTTCCAGTACTTGC-1
2834,SC53.TGGTTCCCACGGCTAC-1
2835,SC53.TGGTTCCCAGATGAGC-1
2836,SC53.TGGTTCCGTCGAATCT-1
2837,SC53.TGGTTCCTCATTATCC-1
2838,SC53.TGTATTCAGCACCGCT-1
2839,SC53.TGTATTCAGCCACTAT-1
2840,SC53.TGTATTCCACACCGCA-1
2841,SC53.TGTATTCGTTGTCGCG-1
2842,SC53.TGTATTCTCGGAGCAA-1
2843,SC53.TGTCCCACATATGAGA-1
2844,SC53.TGTCCCAGTTCAGGCC-1
2845,SC53.TGTGGTAAGCCAGTTT-1
2846,SC53.TGTGGTAGTCCGAGTC-1
2847,SC53.TGTGTTTAGAGACTTA-1
2848,SC53.TGTGTTTAGTTGTCGT-1
2849,SC53.TGTGTTTCAACACCTA-1
2850,SC53.TGTGTTTCACAAGACG-1
2851,SC53.TGTGTTTGTCATACTG-1
2852,SC53.TGTGTTTTCAACACTG-1
2853,SC53.TGTGTTTTCCGCGTTT-1
2854,SC53.TGTGTTTTCCTGTAGA-1
2855,SC53.TGTTCCGAGATCCCGC-1
2856,SC53.TGTTCCGAGCACCGCT-1
2857,SC53.TGTTCCGAGGCCGAAT-1
2858,SC53.TGTTCCGAGGGTGTTG-1
2859,SC53.TGTTCCGAGGGTTTCT-1
2860,SC53.TGTTCCGAGGTAGCTG-1
2861,SC53.TGTTCCGAGTGAAGAG-1
2862,SC53.TGTTCCGCACTCGACG-1
2863,SC53.TGTTCCGGTGCGATAG-1
2864,SC53.TGTTCCGGTGTTAAGA-1
2865,SC53.TGTTCCGTCCCATTTA-1
2866,SC53.TGTTCCGTCTACTTAC-1
2867,SC53.TTAACTCAGTCTCAAC-1
2868,SC53.TTAACTCAGTTCGATC-1
2869,SC53.TTAACTCCATACGCTA-1
2870,SC53.TTAACTCCATAGGATA-1
2871,SC53.TTAACTCCATTATCTC-1
2872,SC53.TTAACTCTCACTTATC-1
2873,SC53.TTAACTCTCGATGAGG-1
2874,SC53.TTAACTCTCGTATCAG-1
2875,SC53.TTAGGACAGAATTCCC-1
2876,SC53.TTAGGACAGCCACGCT-1
2877,SC53.TTAGGACAGTGCCAGA-1
2878,SC53.TTAGGACCAATCGAAA-1
2879,SC53.TTAGGACCATATACCG-1
2880,SC53.TTAGGACCATCCTTGC-1
2881,SC53.TTAGGACGTACTTCTT-1
2882,SC53.TTAGGACTCCTGCAGG-1
2883,SC53.TTAGGACTCGCCAAAT-1
2884,SC53.TTAGGCAAGACATAAC-1
2885,SC53.TTAGGCAGTTGCCTCT-1
2886,SC53.TTAGTTCAGAATTCCC-1
2887,SC53.TTAGTTCAGCGATTCT-1
2888,SC53.TTAGTTCAGTAGGTGC-1
2889,SC53.TTAGTTCCACCCTATC-1
2890,SC53.TTAGTTCCAGGAACGT-1
2891,SC53.TTAGTTCGTCTTGCGG-1
2892,SC53.TTAGTTCGTGGTCCGT-1
2893,SC53.TTAGTTCTCAATCACG-1
2894,SC53.TTAGTTCTCTGCGACG-1
2895,SC53.TTAGTTCTCTTACCGC-1
2896,SC53.TTATGCTAGAAGGTGA-1
2897,SC53.TTATGCTAGGGCTTGA-1
2898,SC53.TTATGCTGTGGACGAT-1
2899,SC53.TTATGCTTCCGTAGTA-1
2900,SC53.TTCCCAGAGAAGGGTA-1
2901,SC53.TTCCCAGAGTGTCCAT-1
2902,SC53.TTCCCAGCAAGAAAGG-1
2903,SC53.TTCCCAGCATACCATG-1
2904,SC53.TTCCCAGGTAGATTAG-1
2905,SC53.TTCCCAGGTTTCCACC-1
2906,SC53.TTCCCAGTCATCGGAT-1
2907,SC53.TTCCCAGTCCGCTGTT-1
2908,SC53.TTCCCAGTCGGTTCGG-1
2909,SC53.TTCGAAGAGAATTGTG-1
2910,SC53.TTCGAAGAGAGGACGG-1
2911,SC53.TTCGAAGGTAATAGCA-1
2912,SC53.TTCGAAGGTAGCAAAT-1
2913,SC53.TTCGAAGGTATCGCAT-1
2914,SC53.TTCGAAGTCCTGCTTG-1
2915,SC53.TTCGAAGTCGACCAGC-1
2916,SC53.TTCGAAGTCGTTACAG-1
2917,SC53.TTCGGTCAGACGCAAC-1
2918,SC53.TTCGGTCCAAATTGCC-1
2919,SC53.TTCGGTCCACACGCTG-1
2920,SC53.TTCGGTCGTAAAGGAG-1
2921,SC53.TTCGGTCGTCATATGC-1
2922,SC53.TTCGGTCGTGGGTCAA-1
2923,SC53.TTCGGTCGTTCAGGCC-1
2924,SC53.TTCTACAAGCCACGTC-1
2925,SC53.TTCTACAAGCTTATCG-1
2926,SC53.TTCTACAAGGCTAGGT-1
2927,SC53.TTCTACAAGTAGCCGA-1
2928,SC53.TTCTACAAGTGAAGAG-1
2929,SC53.TTCTACACACGAAACG-1
2930,SC53.TTCTACAGTCATCCCT-1
2931,SC53.TTCTACAGTCGACTGC-1
2932,SC53.TTCTACAGTCTCACCT-1
2933,SC53.TTCTACATCACTATTC-1
2934,SC53.TTCTCAAAGAAGGTTT-1
2935,SC53.TTCTCAAGTACCGAGA-1
2936,SC53.TTCTCAAGTTCCACAA-1
2937,SC53.TTCTCAATCACATAGC-1
2938,SC53.TTCTCAATCGCCGTGA-1
2939,SC53.TTCTCCTAGACAAGCC-1
2940,SC53.TTCTCCTAGCAGACTG-1
2941,SC53.TTCTCCTAGGCCCTTG-1
2942,SC53.TTCTCCTCATGGTCAT-1
2943,SC53.TTCTCCTGTATATGAG-1
2944,SC53.TTCTCCTGTGTGCGTC-1
2945,SC53.TTCTCCTGTTAAGACA-1
2946,SC53.TTCTCCTTCTCCAACC-1
2947,SC53.TTCTCCTTCTGGTATG-1
2948,SC53.TTCTTAGAGCTAAACA-1
2949,SC53.TTCTTAGAGTATCGAA-1
2950,SC53.TTCTTAGCAAGCGCTC-1
2951,SC53.TTCTTAGCACTACAGT-1
2952,SC53.TTCTTAGGTAAACCTC-1
2953,SC53.TTCTTAGGTAGCCTAT-1
2954,SC53.TTCTTAGGTGATGCCC-1
2955,SC53.TTCTTAGTCATGCATG-1
2956,SC53.TTGAACGAGCTTCGCG-1
2957,SC53.TTGAACGAGCTTTGGT-1
2958,SC53.TTGAACGAGGGTTCCC-1
2959,SC53.TTGAACGAGTTCGATC-1
2960,SC53.TTGAACGCAAGAAGAG-1
2961,SC53.TTGAACGCAGTTCATG-1
2962,SC53.TTGAACGGTATAGGTA-1
2963,SC53.TTGAACGGTATTACCG-1
2964,SC53.TTGAACGGTCCTCCAT-1
2965,SC53.TTGAACGGTCGGCTCA-1
2966,SC53.TTGAACGGTGCAGGTA-1
2967,SC53.TTGAACGGTTTGCATG-1
2968,SC53.TTGAACGTCAGGCGAA-1
2969,SC53.TTGACTTCACGGTTTA-1
2970,SC53.TTGACTTCAGTGGAGT-1
2971,SC53.TTGACTTCATGCCTAA-1
2972,SC53.TTGACTTGTCCATGAT-1
2973,SC53.TTGACTTGTCGAGTTT-1
2974,SC53.TTGACTTTCACCCTCA-1
2975,SC53.TTGCCGTCAAGAAGAG-1
2976,SC53.TTGCCGTCACCTTGTC-1
2977,SC53.TTGCCGTCAGCCTATA-1
2978,SC53.TTGCCGTGTAAATGAC-1
2979,SC53.TTGCCGTTCCTTTACA-1
2980,SC53.TTGCGTCAGAAGGTTT-1
2981,SC53.TTGCGTCTCCCAACGG-1
2982,SC53.TTGCGTCTCTTGACGA-1
2983,SC53.TTGGAACCACAGATTC-1
2984,SC53.TTGGAACCACATGTGT-1
2985,SC53.TTGGAACGTCACAAGG-1
2986,SC53.TTGGAACGTTCACGGC-1
2987,SC53.TTGGAACTCAAGGTAA-1
2988,SC53.TTGGAACTCAGTTTGG-1
2989,SC53.TTGGCAAAGCTAAACA-1
2990,SC53.TTGGCAACAGTATAAG-1
2991,SC53.TTGGCAAGTAAGAGAG-1
2992,SC53.TTGGCAATCAGGCAAG-1
2993,SC53.TTGGCAATCCTAGTGA-1
2994,SC53.TTGTAGGAGACAAAGG-1
2995,SC53.TTGTAGGCAACTTGAC-1
2996,SC53.TTGTAGGCATATACGC-1
2997,SC53.TTGTAGGGTGCAACGA-1
2998,SC53.TTGTAGGTCCATGAAC-1
2999,SC53.TTGTAGGTCCGTACAA-1
3000,SC53.TTTACTGCAGGCTGAA-1
3001,SC53.TTTACTGGTCCTCTTG-1
3002,SC53.TTTACTGGTCTCCATC-1
3003,SC53.TTTACTGTCAGTCAGT-1
3004,SC53.TTTACTGTCCTGTACC-1
3005,SC53.TTTACTGTCTAACTGG-1
3006,SC53.TTTATGCAGATTACCC-1
3007,SC53.TTTATGCCAAATACAG-1
3008,SC53.TTTATGCGTCGGCACT-1
3009,SC53.TTTATGCGTGCAGACA-1
3010,SC53.TTTATGCTCGCGTTTC-1
3011,SC53.TTTATGCTCTTGCAAG-1
3012,SC53.TTTCCTCAGAGGGCTT-1
3013,SC53.TTTCCTCAGCTGATAA-1
3014,SC53.TTTCCTCAGCTTCGCG-1
3015,SC53.TTTCCTCCACTGTTAG-1
3016,SC53.TTTCCTCGTAGCCTAT-1
3017,SC53.TTTCCTCGTGCCTGGT-1
3018,SC53.TTTCCTCTCACGATGT-1
3019,SC53.TTTCCTCTCTTTACGT-1
3020,SC53.TTTGCGCAGGCCCGTT-1
3021,SC53.TTTGCGCAGGTGACCA-1
3022,SC53.TTTGCGCCAGCGTCCA-1
3023,SC53.TTTGCGCCATCCCACT-1
3024,SC53.TTTGCGCGTCATGCAT-1
3025,SC53.TTTGCGCGTCCGTTAA-1
3026,SC53.TTTGCGCGTTGATTGC-1
3027,SC53.TTTGCGCTCAACGAAA-1
3028,SC53.TTTGCGCTCACAAACC-1
3029,SC53.TTTGGTTAGTGAAGTT-1
3030,SC53.TTTGGTTCACCGTTGG-1
3031,SC53.TTTGGTTCATACTCTT-1
3032,SC53.TTTGGTTGTCTTGCGG-1
3033,SC53.TTTGGTTGTGACAAAT-1
3034,SC53.TTTGGTTGTGGTCTCG-1
3035,SC53.TTTGGTTTCGGCATCG-1
3036,SC53.TTTGTCATCTCCAACC-1
3037,SC53.TTTGTCATCTGTTGAG-1
